index,depth,%toc,mbt,bsi,c-n,chunk,source
0,2.5,3.05838755432723,,59.449,8.53613179703792,MA_data/SVID/chunks/chunk_0.jpg,SVID
1,3.5,3.05838755432723,,59.449,8.53613179703792,MA_data/SVID/chunks/chunk_1.jpg,SVID
2,4.5,2.9652988058237604,0.1339941653443696,62.172,8.958287068052723,MA_data/SVID/chunks/chunk_2.jpg,SVID
3,5.5,2.87221005732029,0.1339941653443696,64.895,9.380442339067525,MA_data/SVID/chunks/chunk_3.jpg,SVID
4,6.5,2.87221005732029,0.1339941653443696,64.895,9.380442339067525,MA_data/SVID/chunks/chunk_4.jpg,SVID
5,7.5,2.87221005732029,0.1339941653443696,64.895,9.380442339067525,MA_data/SVID/chunks/chunk_5.jpg,SVID
6,8.5,2.9816545535617154,0.1339941653443696,59.483999999999995,9.371357191116171,MA_data/SVID/chunks/chunk_6.jpg,SVID
7,9.5,3.09109904980314,,54.073,9.362272043164818,MA_data/SVID/chunks/chunk_7.jpg,SVID
8,10.5,3.09109904980314,,54.073,9.362272043164818,MA_data/SVID/chunks/chunk_8.jpg,SVID
9,11.5,3.09109904980314,,54.073,9.362272043164818,MA_data/SVID/chunks/chunk_9.jpg,SVID
10,12.5,3.0873143199041753,0.1372418719873065,55.555,9.350713842256589,MA_data/SVID/chunks/chunk_10.jpg,SVID
11,13.5,3.08352959000521,0.1372418719873065,57.037,9.33915564134836,MA_data/SVID/chunks/chunk_11.jpg,SVID
12,14.5,3.08352959000521,0.1372418719873065,57.037,9.33915564134836,MA_data/SVID/chunks/chunk_12.jpg,SVID
13,15.5,3.08352959000521,0.1372418719873065,57.037,9.33915564134836,MA_data/SVID/chunks/chunk_13.jpg,SVID
14,16.5,3.028624518175125,0.1372418719873065,53.2425,9.183129476556806,MA_data/SVID/chunks/chunk_14.jpg,SVID
15,17.5,2.97371944634504,,49.448,9.027103311765252,MA_data/SVID/chunks/chunk_15.jpg,SVID
16,18.5,2.97371944634504,,49.448,9.027103311765252,MA_data/SVID/chunks/chunk_16.jpg,SVID
17,19.5,2.97371944634504,,49.448,9.027103311765252,MA_data/SVID/chunks/chunk_17.jpg,SVID
18,20.5,2.810388176077565,0.1323446146793622,51.6745,7.488042968529307,MA_data/SVID/chunks/chunk_18.jpg,SVID
19,21.5,2.64705690581009,0.1323446146793622,53.901,5.948982625293362,MA_data/SVID/chunks/chunk_19.jpg,SVID
20,22.5,2.64705690581009,0.1323446146793622,53.901,5.948982625293362,MA_data/SVID/chunks/chunk_20.jpg,SVID
21,23.5,2.64705690581009,0.1323446146793622,53.901,5.948982625293362,MA_data/SVID/chunks/chunk_21.jpg,SVID
22,24.5,2.653331381996405,0.1323446146793622,56.566,7.201400996708671,MA_data/SVID/chunks/chunk_22.jpg,SVID
23,25.5,2.65960585818272,,59.231,8.45381936812398,MA_data/SVID/chunks/chunk_23.jpg,SVID
24,26.5,2.65960585818272,,59.231,8.45381936812398,MA_data/SVID/chunks/chunk_24.jpg,SVID
25,27.5,2.65960585818272,,59.231,8.45381936812398,MA_data/SVID/chunks/chunk_25.jpg,SVID
26,28.5,2.663426419959735,0.1443876163780484,56.3685,8.640355695683136,MA_data/SVID/chunks/chunk_26.jpg,SVID
27,29.5,2.66724698173675,0.1443876163780484,53.506,8.82689202324229,MA_data/SVID/chunks/chunk_27.jpg,SVID
28,30.5,2.66724698173675,0.1443876163780484,53.506,8.82689202324229,MA_data/SVID/chunks/chunk_28.jpg,SVID
29,31.5,2.66724698173675,0.1443876163780484,53.506,8.82689202324229,MA_data/SVID/chunks/chunk_29.jpg,SVID
30,32.5,2.871237336738615,0.1443876163780484,59.309,8.553453940662866,MA_data/SVID/chunks/chunk_30.jpg,SVID
31,33.5,3.07522769174048,,65.112,8.280015858083441,MA_data/SVID/chunks/chunk_31.jpg,SVID
32,34.5,3.07522769174048,,65.112,8.280015858083441,MA_data/SVID/chunks/chunk_32.jpg,SVID
33,35.5,3.07522769174048,,65.112,8.280015858083441,MA_data/SVID/chunks/chunk_33.jpg,SVID
34,36.5,2.779918129232345,,65.51650000000001,8.134589339316765,MA_data/SVID/chunks/chunk_34.jpg,SVID
35,37.5,2.48460856672421,,65.921,7.989162820550089,MA_data/SVID/chunks/chunk_35.jpg,SVID
36,38.5,2.48460856672421,,65.921,7.989162820550089,MA_data/SVID/chunks/chunk_36.jpg,SVID
37,39.5,2.48460856672421,,65.921,7.989162820550089,MA_data/SVID/chunks/chunk_37.jpg,SVID
38,40.5,2.67820010024258,0.1327371117966356,73.6145,7.74028110233981,MA_data/SVID/chunks/chunk_38.jpg,SVID
39,41.5,2.87179163376095,0.1327371117966356,81.308,7.491399384129531,MA_data/SVID/chunks/chunk_39.jpg,SVID
40,42.5,2.87179163376095,0.1327371117966356,81.308,7.491399384129531,MA_data/SVID/chunks/chunk_40.jpg,SVID
41,43.5,2.87179163376095,0.1327371117966356,81.308,7.491399384129531,MA_data/SVID/chunks/chunk_41.jpg,SVID
42,44.5,2.789110293823005,0.1327371117966356,85.8045,7.526039889055091,MA_data/SVID/chunks/chunk_42.jpg,SVID
43,45.5,2.70642895388506,,90.301,7.56068039398065,MA_data/SVID/chunks/chunk_43.jpg,SVID
44,46.5,2.70642895388506,,90.301,7.56068039398065,MA_data/SVID/chunks/chunk_44.jpg,SVID
45,47.5,2.70642895388506,,90.301,7.56068039398065,MA_data/SVID/chunks/chunk_45.jpg,SVID
46,48.5,2.6339115540579447,0.1320487148661882,92.918,7.250468340500125,MA_data/SVID/chunks/chunk_46.jpg,SVID
47,49.5,2.56139415423083,0.1320487148661882,95.535,6.940256287019599,MA_data/SVID/chunks/chunk_47.jpg,SVID
48,50.5,2.56139415423083,0.1320487148661882,95.535,6.940256287019599,MA_data/SVID/chunks/chunk_48.jpg,SVID
49,51.5,2.56139415423083,0.1320487148661882,95.535,6.940256287019599,MA_data/SVID/chunks/chunk_49.jpg,SVID
50,52.5,2.56139415423083,0.1320487148661882,95.535,6.940256287019599,MA_data/SVID/chunks/chunk_50.jpg,SVID
51,53.5,,,,,MA_data/SVID/chunks/chunk_51.jpg,SVID
52,54.5,,,,,MA_data/SVID/chunks/chunk_52.jpg,SVID
53,55.5,,,,,MA_data/SVID/chunks/chunk_53.jpg,SVID
54,56.5,2.11630321214697,0.1313952892065052,67.727,7.322684588717846,MA_data/SVID/chunks/chunk_54.jpg,SVID
55,57.5,2.11630321214697,0.1313952892065052,67.727,7.322684588717846,MA_data/SVID/chunks/chunk_55.jpg,SVID
56,58.5,2.11630321214697,0.1313952892065052,67.727,7.322684588717846,MA_data/SVID/chunks/chunk_56.jpg,SVID
57,59.5,2.11630321214697,0.1313952892065052,67.727,7.322684588717846,MA_data/SVID/chunks/chunk_57.jpg,SVID
58,60.5,2.3839725112909997,0.1313952892065052,71.4255,7.520680155877928,MA_data/SVID/chunks/chunk_58.jpg,SVID
59,61.5,2.65164181043503,,75.124,7.718675723038009,MA_data/SVID/chunks/chunk_59.jpg,SVID
60,62.5,2.65164181043503,,75.124,7.718675723038009,MA_data/SVID/chunks/chunk_60.jpg,SVID
61,63.5,2.65164181043503,,75.124,7.718675723038009,MA_data/SVID/chunks/chunk_61.jpg,SVID
62,64.5,2.215012351302465,0.1246611787276398,69.73599999999999,7.669877128092454,MA_data/SVID/chunks/chunk_62.jpg,SVID
63,65.5,1.7783828921699,0.1246611787276398,64.348,7.621078533146899,MA_data/SVID/chunks/chunk_63.jpg,SVID
64,66.5,1.7783828921699,0.1246611787276398,64.348,7.621078533146899,MA_data/SVID/chunks/chunk_64.jpg,SVID
65,67.5,1.7783828921699,0.1246611787276398,64.348,7.621078533146899,MA_data/SVID/chunks/chunk_65.jpg,SVID
66,68.5,2.37562771906019,0.1246611787276398,68.275,7.809375716097906,MA_data/SVID/chunks/chunk_66.jpg,SVID
67,69.5,2.97287254595048,,72.202,7.997672899048913,MA_data/SVID/chunks/chunk_67.jpg,SVID
68,70.5,2.97287254595048,,72.202,7.997672899048913,MA_data/SVID/chunks/chunk_68.jpg,SVID
69,71.5,2.97287254595048,,72.202,7.997672899048913,MA_data/SVID/chunks/chunk_69.jpg,SVID
70,72.5,2.7894385352983253,0.1366122921528117,75.6925,7.480060659323254,MA_data/SVID/chunks/chunk_70.jpg,SVID
71,73.5,2.60600452464617,0.1366122921528117,79.183,6.962448419597594,MA_data/SVID/chunks/chunk_71.jpg,SVID
72,74.5,2.60600452464617,0.1366122921528117,79.183,6.962448419597594,MA_data/SVID/chunks/chunk_72.jpg,SVID
73,75.5,2.60600452464617,0.1366122921528117,79.183,6.962448419597594,MA_data/SVID/chunks/chunk_73.jpg,SVID
74,76.5,2.651567087352615,0.1366122921528117,75.88650000000001,6.9692224002318435,MA_data/SVID/chunks/chunk_74.jpg,SVID
75,77.5,2.69712965005906,,72.59,6.975996380866093,MA_data/SVID/chunks/chunk_75.jpg,SVID
76,78.5,2.69712965005906,,72.59,6.975996380866093,MA_data/SVID/chunks/chunk_76.jpg,SVID
77,79.5,2.69712965005906,,72.59,6.975996380866093,MA_data/SVID/chunks/chunk_77.jpg,SVID
78,80.5,2.78175821536856,0.1522873582687994,81.18,6.851526246283537,MA_data/SVID/chunks/chunk_78.jpg,SVID
79,81.5,2.86638678067806,0.1522873582687994,89.77,6.727056111700981,MA_data/SVID/chunks/chunk_79.jpg,SVID
80,82.5,2.86638678067806,0.1522873582687994,89.77,6.727056111700981,MA_data/SVID/chunks/chunk_80.jpg,SVID
81,83.5,2.86638678067806,0.1522873582687994,89.77,6.727056111700981,MA_data/SVID/chunks/chunk_81.jpg,SVID
82,84.5,2.79044325775559,0.1522873582687994,86.3195,6.833824480202092,MA_data/SVID/chunks/chunk_82.jpg,SVID
83,85.5,2.71449973483312,,82.869,6.940592848703203,MA_data/SVID/chunks/chunk_83.jpg,SVID
84,86.5,2.71449973483312,,82.869,6.940592848703203,MA_data/SVID/chunks/chunk_84.jpg,SVID
85,87.5,2.71449973483312,,82.869,6.940592848703203,MA_data/SVID/chunks/chunk_85.jpg,SVID
86,88.5,2.65683904860043,0.1461726687496964,82.321,6.7713363769693355,MA_data/SVID/chunks/chunk_86.jpg,SVID
87,89.5,2.59917836236774,0.1461726687496964,81.773,6.602079905235468,MA_data/SVID/chunks/chunk_87.jpg,SVID
88,90.5,2.59917836236774,0.1461726687496964,81.773,6.602079905235468,MA_data/SVID/chunks/chunk_88.jpg,SVID
89,91.5,2.59917836236774,0.1461726687496964,81.773,6.602079905235468,MA_data/SVID/chunks/chunk_89.jpg,SVID
90,92.5,2.54308549852683,0.1461726687496964,77.418,6.787882642340346,MA_data/SVID/chunks/chunk_90.jpg,SVID
91,93.5,2.48699263468592,,73.063,6.973685379445223,MA_data/SVID/chunks/chunk_91.jpg,SVID
92,94.5,2.48699263468592,,73.063,6.973685379445223,MA_data/SVID/chunks/chunk_92.jpg,SVID
93,95.5,2.48699263468592,,73.063,6.973685379445223,MA_data/SVID/chunks/chunk_93.jpg,SVID
94,96.5,2.24846356006456,0.1408838784178827,69.80799999999999,6.917182076470789,MA_data/SVID/chunks/chunk_94.jpg,SVID
95,97.5,2.0099344854432,0.1408838784178827,66.553,6.860678773496356,MA_data/SVID/chunks/chunk_95.jpg,SVID
96,98.5,2.0099344854432,0.1408838784178827,66.553,6.860678773496356,MA_data/SVID/chunks/chunk_96.jpg,SVID
97,99.5,2.0099344854432,0.1408838784178827,66.553,6.860678773496356,MA_data/SVID/chunks/chunk_97.jpg,SVID
98,100.5,2.0099344854432,0.1408838784178827,66.553,6.860678773496356,MA_data/SVID/chunks/chunk_98.jpg,SVID
99,101.5,,,,,MA_data/SVID/chunks/chunk_99.jpg,SVID
100,102.5,,,,,MA_data/SVID/chunks/chunk_100.jpg,SVID
101,103.5,,,,,MA_data/SVID/chunks/chunk_101.jpg,SVID
102,104.5,2.68633827169843,0.1350696120596905,104.738,6.149687900365255,MA_data/SVID/chunks/chunk_102.jpg,SVID
103,105.5,2.68633827169843,0.1350696120596905,104.738,6.149687900365255,MA_data/SVID/chunks/chunk_103.jpg,SVID
104,106.5,2.68633827169843,0.1350696120596905,104.738,6.149687900365255,MA_data/SVID/chunks/chunk_104.jpg,SVID
105,107.5,2.68633827169843,0.1350696120596905,104.738,6.149687900365255,MA_data/SVID/chunks/chunk_105.jpg,SVID
106,108.5,2.64471397867377,0.1350696120596905,102.1785,6.172596017386338,MA_data/SVID/chunks/chunk_106.jpg,SVID
107,109.5,2.60308968564911,,99.619,6.19550413440742,MA_data/SVID/chunks/chunk_107.jpg,SVID
108,110.5,2.60308968564911,,99.619,6.19550413440742,MA_data/SVID/chunks/chunk_108.jpg,SVID
109,111.5,2.60308968564911,,99.619,6.19550413440742,MA_data/SVID/chunks/chunk_109.jpg,SVID
110,112.5,2.63352628454789,0.1447222768953992,104.3665,6.076560793823393,MA_data/SVID/chunks/chunk_110.jpg,SVID
111,113.5,2.66396288344667,0.1447222768953992,109.114,5.957617453239368,MA_data/SVID/chunks/chunk_111.jpg,SVID
112,114.5,2.66396288344667,0.1447222768953992,109.114,5.957617453239368,MA_data/SVID/chunks/chunk_112.jpg,SVID
113,115.5,2.66396288344667,0.1447222768953992,109.114,5.957617453239368,MA_data/SVID/chunks/chunk_113.jpg,SVID
114,116.5,2.700014564493315,0.1447222768953992,108.3115,6.01433142761965,MA_data/SVID/chunks/chunk_114.jpg,SVID
115,117.5,2.73606624553996,,107.509,6.071045401999934,MA_data/SVID/chunks/chunk_115.jpg,SVID
116,118.5,2.73606624553996,,107.509,6.071045401999934,MA_data/SVID/chunks/chunk_116.jpg,SVID
117,119.5,2.73606624553996,,107.509,6.071045401999934,MA_data/SVID/chunks/chunk_117.jpg,SVID
118,120.5,2.656394076958615,0.144882842807727,104.0415,5.941933518193684,MA_data/SVID/chunks/chunk_118.jpg,SVID
119,121.5,2.57672190837727,0.144882842807727,100.574,5.8128216343874355,MA_data/SVID/chunks/chunk_119.jpg,SVID
120,122.5,2.57672190837727,0.144882842807727,100.574,5.8128216343874355,MA_data/SVID/chunks/chunk_120.jpg,SVID
121,123.5,2.57672190837727,0.144882842807727,100.574,5.8128216343874355,MA_data/SVID/chunks/chunk_121.jpg,SVID
122,124.5,2.73059732701205,0.144882842807727,96.41749999999999,5.982104743166826,MA_data/SVID/chunks/chunk_122.jpg,SVID
123,125.5,2.88447274564683,,92.261,6.151387851946217,MA_data/SVID/chunks/chunk_123.jpg,SVID
124,126.5,2.88447274564683,,92.261,6.151387851946217,MA_data/SVID/chunks/chunk_124.jpg,SVID
125,127.5,2.88447274564683,,92.261,6.151387851946217,MA_data/SVID/chunks/chunk_125.jpg,SVID
126,128.5,2.857300208545295,0.1453172660117201,107.5085,5.958401962369615,MA_data/SVID/chunks/chunk_126.jpg,SVID
127,129.5,2.83012767144376,0.1453172660117201,122.756,5.7654160727930135,MA_data/SVID/chunks/chunk_127.jpg,SVID
128,130.5,2.83012767144376,0.1453172660117201,122.756,5.7654160727930135,MA_data/SVID/chunks/chunk_128.jpg,SVID
129,131.5,2.83012767144376,0.1453172660117201,122.756,5.7654160727930135,MA_data/SVID/chunks/chunk_129.jpg,SVID
130,132.5,2.691438458471845,0.1453172660117201,114.51599999999999,5.786968518130809,MA_data/SVID/chunks/chunk_130.jpg,SVID
131,133.5,2.55274924549993,,106.276,5.808520963468605,MA_data/SVID/chunks/chunk_131.jpg,SVID
132,134.5,2.55274924549993,,106.276,5.808520963468605,MA_data/SVID/chunks/chunk_132.jpg,SVID
133,135.5,1.8983059283210801,0.1456776714459415,90.983,5.78334422852708,MA_data/SVID/chunks/chunk_133.jpg,SVID
134,136.5,1.8983059283210801,0.1456776714459415,90.983,5.78334422852708,MA_data/SVID/chunks/chunk_134.jpg,SVID
135,137.5,1.24386261114223,0.1456776714459415,75.69,5.758167493585556,MA_data/SVID/chunks/chunk_135.jpg,SVID
136,138.5,1.24386261114223,0.1456776714459415,75.69,5.758167493585556,MA_data/SVID/chunks/chunk_136.jpg,SVID
137,139.5,1.24386261114223,0.1456776714459415,75.69,5.758167493585556,MA_data/SVID/chunks/chunk_137.jpg,SVID
138,140.5,,,,,MA_data/SVID/chunks/chunk_138.jpg,SVID
139,141.5,,,,,MA_data/SVID/chunks/chunk_139.jpg,SVID
140,142.5,2.70993410074875,,100.576,6.767881711045162,MA_data/SVID/chunks/chunk_140.jpg,SVID
141,143.5,2.70993410074875,,100.576,6.767881711045162,MA_data/SVID/chunks/chunk_141.jpg,SVID
142,144.5,2.70993410074875,,100.576,6.767881711045162,MA_data/SVID/chunks/chunk_142.jpg,SVID
143,145.5,2.70993410074875,,100.576,6.767881711045162,MA_data/SVID/chunks/chunk_143.jpg,SVID
144,146.5,2.700677545859505,0.1485986045416371,107.31649999999999,6.34666144428682,MA_data/SVID/chunks/chunk_144.jpg,SVID
145,147.5,2.69142099097026,0.1485986045416371,114.057,5.9254411775284765,MA_data/SVID/chunks/chunk_145.jpg,SVID
146,148.5,2.69142099097026,0.1485986045416371,114.057,5.9254411775284765,MA_data/SVID/chunks/chunk_146.jpg,SVID
147,149.5,2.69142099097026,0.1485986045416371,114.057,5.9254411775284765,MA_data/SVID/chunks/chunk_147.jpg,SVID
148,150.5,2.704022059066745,0.1485986045416371,116.75200000000001,5.795794643016418,MA_data/SVID/chunks/chunk_148.jpg,SVID
149,151.5,2.71662312716323,,119.447,5.666148108504358,MA_data/SVID/chunks/chunk_149.jpg,SVID
150,152.5,2.71662312716323,,119.447,5.666148108504358,MA_data/SVID/chunks/chunk_150.jpg,SVID
151,153.5,2.71662312716323,,119.447,5.666148108504358,MA_data/SVID/chunks/chunk_151.jpg,SVID
152,154.5,2.6557098766390252,0.1531176391213489,131.85,5.611481817416108,MA_data/SVID/chunks/chunk_152.jpg,SVID
153,155.5,2.59479662611482,0.1531176391213489,144.253,5.556815526327857,MA_data/SVID/chunks/chunk_153.jpg,SVID
154,156.5,2.59479662611482,0.1531176391213489,144.253,5.556815526327857,MA_data/SVID/chunks/chunk_154.jpg,SVID
155,157.5,2.59479662611482,0.1531176391213489,144.253,5.556815526327857,MA_data/SVID/chunks/chunk_155.jpg,SVID
156,158.5,2.625064906451705,0.1531176391213489,127.3885,5.571134771293922,MA_data/SVID/chunks/chunk_156.jpg,SVID
157,159.5,2.65533318678859,,110.524,5.5854540162599875,MA_data/SVID/chunks/chunk_157.jpg,SVID
158,160.5,2.65533318678859,,110.524,5.5854540162599875,MA_data/SVID/chunks/chunk_158.jpg,SVID
159,161.5,2.65533318678859,,110.524,5.5854540162599875,MA_data/SVID/chunks/chunk_159.jpg,SVID
160,162.5,2.606447618088625,0.1532708247658776,121.261,5.539931135502486,MA_data/SVID/chunks/chunk_160.jpg,SVID
161,163.5,2.55756204938866,0.1532708247658776,131.998,5.494408254744984,MA_data/SVID/chunks/chunk_161.jpg,SVID
162,164.5,2.55756204938866,0.1532708247658776,131.998,5.494408254744984,MA_data/SVID/chunks/chunk_162.jpg,SVID
163,165.5,2.55756204938866,0.1532708247658776,131.998,5.494408254744984,MA_data/SVID/chunks/chunk_163.jpg,SVID
164,166.5,2.55756204938866,0.1532708247658776,131.998,5.494408254744984,MA_data/SVID/chunks/chunk_164.jpg,SVID
165,167.5,,,,,MA_data/SVID/chunks/chunk_165.jpg,SVID
166,168.5,,,,,MA_data/SVID/chunks/chunk_166.jpg,SVID
167,169.5,,,,,MA_data/SVID/chunks/chunk_167.jpg,SVID
168,170.5,2.41766363509409,,105.999,5.287520422650076,MA_data/SVID/chunks/chunk_168.jpg,SVID
169,171.5,2.41766363509409,,105.999,5.287520422650076,MA_data/SVID/chunks/chunk_169.jpg,SVID
170,172.5,2.41766363509409,,105.999,5.287520422650076,MA_data/SVID/chunks/chunk_170.jpg,SVID
171,173.5,2.41766363509409,,105.999,5.287520422650076,MA_data/SVID/chunks/chunk_171.jpg,SVID
172,174.5,2.41766363509409,,105.999,5.287520422650076,MA_data/SVID/chunks/chunk_172.jpg,SVID
173,175.5,,,,,MA_data/SVID/chunks/chunk_173.jpg,SVID
174,176.5,,,,,MA_data/SVID/chunks/chunk_174.jpg,SVID
175,177.5,,,,,MA_data/SVID/chunks/chunk_175.jpg,SVID
176,178.5,2.32909093257868,0.160629264484138,111.876,5.343299782274425,MA_data/SVID/chunks/chunk_176.jpg,SVID
177,179.5,2.32909093257868,0.160629264484138,111.876,5.343299782274425,MA_data/SVID/chunks/chunk_177.jpg,SVID
178,180.5,2.32909093257868,0.160629264484138,111.876,5.343299782274425,MA_data/SVID/chunks/chunk_178.jpg,SVID
179,181.5,2.32909093257868,0.160629264484138,111.876,5.343299782274425,MA_data/SVID/chunks/chunk_179.jpg,SVID
180,182.5,2.32909093257868,0.160629264484138,111.876,5.343299782274425,MA_data/SVID/chunks/chunk_180.jpg,SVID
181,183.5,,,,,MA_data/SVID/chunks/chunk_181.jpg,SVID
182,184.5,,,,,MA_data/SVID/chunks/chunk_182.jpg,SVID
183,185.5,,,,,MA_data/SVID/chunks/chunk_183.jpg,SVID
184,186.5,2.13740357493009,,91.852,5.383154808476065,MA_data/SVID/chunks/chunk_184.jpg,SVID
185,187.5,2.13740357493009,,91.852,5.383154808476065,MA_data/SVID/chunks/chunk_185.jpg,SVID
186,188.5,2.13740357493009,,91.852,5.383154808476065,MA_data/SVID/chunks/chunk_186.jpg,SVID
187,189.5,2.13740357493009,,91.852,5.383154808476065,MA_data/SVID/chunks/chunk_187.jpg,SVID
188,190.5,2.13740357493009,,91.852,5.383154808476065,MA_data/SVID/chunks/chunk_188.jpg,SVID
189,191.5,,,,,MA_data/SVID/chunks/chunk_189.jpg,SVID
190,192.5,,,,,MA_data/SVID/chunks/chunk_190.jpg,SVID
191,193.5,,,,,MA_data/SVID/chunks/chunk_191.jpg,SVID
192,194.5,1.6310099119603,,100.456,5.387783177821078,MA_data/SVID/chunks/chunk_192.jpg,SVID
193,195.5,1.6310099119603,,100.456,5.387783177821078,MA_data/SVID/chunks/chunk_193.jpg,SVID
194,196.5,1.6310099119603,,100.456,5.387783177821078,MA_data/SVID/chunks/chunk_194.jpg,SVID
195,197.5,1.6310099119603,,100.456,5.387783177821078,MA_data/SVID/chunks/chunk_195.jpg,SVID
196,198.5,1.6310099119603,,100.456,5.387783177821078,MA_data/SVID/chunks/chunk_196.jpg,SVID
197,199.5,,,,,MA_data/SVID/chunks/chunk_197.jpg,SVID
198,200.5,,,,,MA_data/SVID/chunks/chunk_198.jpg,SVID
199,201.5,,,,,MA_data/SVID/chunks/chunk_199.jpg,SVID
200,202.5,2.40820695581872,0.1591512023378974,113.638,5.460952966206492,MA_data/SVID/chunks/chunk_200.jpg,SVID
201,203.5,2.40820695581872,0.1591512023378974,113.638,5.460952966206492,MA_data/SVID/chunks/chunk_201.jpg,SVID
202,204.5,2.40820695581872,0.1591512023378974,113.638,5.460952966206492,MA_data/SVID/chunks/chunk_202.jpg,SVID
203,205.5,2.40820695581872,0.1591512023378974,113.638,5.460952966206492,MA_data/SVID/chunks/chunk_203.jpg,SVID
204,206.5,2.40820695581872,0.1591512023378974,113.638,5.460952966206492,MA_data/SVID/chunks/chunk_204.jpg,SVID
205,207.5,,,,,MA_data/SVID/chunks/chunk_205.jpg,SVID
206,208.5,,,,,MA_data/SVID/chunks/chunk_206.jpg,SVID
207,209.5,,,,,MA_data/SVID/chunks/chunk_207.jpg,SVID
208,210.5,2.08840399438395,,104.165,5.431652368211319,MA_data/SVID/chunks/chunk_208.jpg,SVID
209,211.5,2.08840399438395,,104.165,5.431652368211319,MA_data/SVID/chunks/chunk_209.jpg,SVID
210,212.5,2.08840399438395,,104.165,5.431652368211319,MA_data/SVID/chunks/chunk_210.jpg,SVID
211,213.5,2.08840399438395,,104.165,5.431652368211319,MA_data/SVID/chunks/chunk_211.jpg,SVID
212,214.5,2.08840399438395,,104.165,5.431652368211319,MA_data/SVID/chunks/chunk_212.jpg,SVID
213,215.5,,,,,MA_data/SVID/chunks/chunk_213.jpg,SVID
214,216.5,,,,,MA_data/SVID/chunks/chunk_214.jpg,SVID
215,217.5,,,,,MA_data/SVID/chunks/chunk_215.jpg,SVID
216,218.5,1.96292520913322,,108.197,5.553331999052753,MA_data/SVID/chunks/chunk_216.jpg,SVID
217,219.5,1.96292520913322,,108.197,5.553331999052753,MA_data/SVID/chunks/chunk_217.jpg,SVID
218,220.5,1.96292520913322,,108.197,5.553331999052753,MA_data/SVID/chunks/chunk_218.jpg,SVID
219,221.5,1.96292520913322,,108.197,5.553331999052753,MA_data/SVID/chunks/chunk_219.jpg,SVID
220,222.5,1.96292520913322,,108.197,5.553331999052753,MA_data/SVID/chunks/chunk_220.jpg,SVID
221,223.5,,,,,MA_data/SVID/chunks/chunk_221.jpg,SVID
222,224.5,,,,,MA_data/SVID/chunks/chunk_222.jpg,SVID
223,225.5,,,,,MA_data/SVID/chunks/chunk_223.jpg,SVID
224,226.5,2.17823921607091,0.1631238575114999,102.481,5.535248590463201,MA_data/SVID/chunks/chunk_224.jpg,SVID
225,227.5,2.17823921607091,0.1631238575114999,102.481,5.535248590463201,MA_data/SVID/chunks/chunk_225.jpg,SVID
226,228.5,2.159681545869545,0.1631238575114999,100.35,5.596405905333331,MA_data/SVID/chunks/chunk_226.jpg,SVID
227,229.5,2.159681545869545,0.1631238575114999,100.35,5.596405905333331,MA_data/SVID/chunks/chunk_227.jpg,SVID
228,230.5,2.1638599786909833,0.1631238575114999,107.09833333333331,5.630235377192906,MA_data/SVID/chunks/chunk_228.jpg,SVID
229,231.5,2.15667036000102,,109.407,5.677728770557758,MA_data/SVID/chunks/chunk_229.jpg,SVID
230,232.5,2.1862531779932,0.186484255112241,112.50866666666667,5.6949441257450575,MA_data/SVID/chunks/chunk_230.jpg,SVID
231,233.5,2.20881782915571,0.186484255112241,119.65350000000001,5.713634578515856,MA_data/SVID/chunks/chunk_231.jpg,SVID
232,234.5,2.19956704712144,0.186484255112241,117.207,5.797396611232853,MA_data/SVID/chunks/chunk_232.jpg,SVID
233,235.5,2.21324214851523,0.186484255112241,115.513,5.847147756393252,MA_data/SVID/chunks/chunk_233.jpg,SVID
234,236.5,2.16758609098463,0.186484255112241,111.91633333333334,5.904484163236627,MA_data/SVID/chunks/chunk_234.jpg,SVID
235,237.5,1.9887252654517535,0.1813923685140108,106.94099999999999,6.021991283812216,MA_data/SVID/chunks/chunk_235.jpg,SVID
236,238.5,1.9887252654517535,0.1813923685140108,106.94099999999999,6.021991283812216,MA_data/SVID/chunks/chunk_236.jpg,SVID
237,239.5,1.89255515665118,0.1813923685140108,104.25450000000001,6.050526587384901,MA_data/SVID/chunks/chunk_237.jpg,SVID
238,240.5,1.89255515665118,0.1813923685140108,104.25450000000001,6.050526587384901,MA_data/SVID/chunks/chunk_238.jpg,SVID
239,241.5,1.70883633737893,0.1813923685140108,103.786,6.081896197846427,MA_data/SVID/chunks/chunk_239.jpg,SVID
240,242.5,,,,,MA_data/SVID/chunks/chunk_240.jpg,SVID
241,243.5,,,,,MA_data/SVID/chunks/chunk_241.jpg,SVID
242,244.5,,,,,MA_data/SVID/chunks/chunk_242.jpg,SVID
243,245.5,,,,,MA_data/SVID/chunks/chunk_243.jpg,SVID
244,246.5,,,,,MA_data/SVID/chunks/chunk_244.jpg,SVID
245,247.5,,,,,MA_data/SVID/chunks/chunk_245.jpg,SVID
246,248.5,,,,,MA_data/SVID/chunks/chunk_246.jpg,SVID
247,249.5,,,,,MA_data/SVID/chunks/chunk_247.jpg,SVID
248,250.5,2.81140664377808,0.1557510583004051,131.495,5.795477871052014,MA_data/SVID/chunks/chunk_248.jpg,SVID
249,251.5,2.81140664377808,0.1557510583004051,131.495,5.795477871052014,MA_data/SVID/chunks/chunk_249.jpg,SVID
250,252.5,2.81140664377808,0.15886446128357665,131.495,5.795477871052014,MA_data/SVID/chunks/chunk_250.jpg,SVID
251,253.5,2.81140664377808,0.15886446128357665,131.495,5.795477871052014,MA_data/SVID/chunks/chunk_251.jpg,SVID
252,254.5,2.81140664377808,0.15886446128357665,131.495,5.795477871052014,MA_data/SVID/chunks/chunk_252.jpg,SVID
253,255.5,,0.1619778642667482,,,MA_data/SVID/chunks/chunk_253.jpg,SVID
254,256.5,,0.1619778642667482,,,MA_data/SVID/chunks/chunk_254.jpg,SVID
255,257.5,,,,,MA_data/SVID/chunks/chunk_255.jpg,SVID
256,258.5,2.81586476163612,,130.533,5.630329331065712,MA_data/SVID/chunks/chunk_256.jpg,SVID
257,259.5,2.81586476163612,,130.533,5.630329331065712,MA_data/SVID/chunks/chunk_257.jpg,SVID
258,260.5,2.81586476163612,,130.533,5.630329331065712,MA_data/SVID/chunks/chunk_258.jpg,SVID
259,261.5,2.81586476163612,,130.533,5.630329331065712,MA_data/SVID/chunks/chunk_259.jpg,SVID
260,262.5,2.81586476163612,,130.533,5.630329331065712,MA_data/SVID/chunks/chunk_260.jpg,SVID
261,263.5,,,,,MA_data/SVID/chunks/chunk_261.jpg,SVID
262,264.5,,,,,MA_data/SVID/chunks/chunk_262.jpg,SVID
263,265.5,,,,,MA_data/SVID/chunks/chunk_263.jpg,SVID
264,266.5,2.79330540797713,,131.325,5.793629261164875,MA_data/SVID/chunks/chunk_264.jpg,SVID
265,267.5,2.79330540797713,,131.325,5.793629261164875,MA_data/SVID/chunks/chunk_265.jpg,SVID
266,268.5,2.79330540797713,,131.325,5.793629261164875,MA_data/SVID/chunks/chunk_266.jpg,SVID
267,269.5,2.79330540797713,,131.325,5.793629261164875,MA_data/SVID/chunks/chunk_267.jpg,SVID
268,270.5,2.79330540797713,,131.325,5.793629261164875,MA_data/SVID/chunks/chunk_268.jpg,SVID
269,271.5,,,,,MA_data/SVID/chunks/chunk_269.jpg,SVID
270,272.5,,,,,MA_data/SVID/chunks/chunk_270.jpg,SVID
271,273.5,,,,,MA_data/SVID/chunks/chunk_271.jpg,SVID
272,274.5,2.72917328358794,,137.281,5.925211523517329,MA_data/SVID/chunks/chunk_272.jpg,SVID
273,275.5,2.72917328358794,,137.281,5.925211523517329,MA_data/SVID/chunks/chunk_273.jpg,SVID
274,276.5,2.72917328358794,,137.281,5.925211523517329,MA_data/SVID/chunks/chunk_274.jpg,SVID
275,277.5,2.72917328358794,,137.281,5.925211523517329,MA_data/SVID/chunks/chunk_275.jpg,SVID
276,278.5,2.72917328358794,,137.281,5.925211523517329,MA_data/SVID/chunks/chunk_276.jpg,SVID
277,279.5,,,,,MA_data/SVID/chunks/chunk_277.jpg,SVID
278,280.5,,,,,MA_data/SVID/chunks/chunk_278.jpg,SVID
279,281.5,,,,,MA_data/SVID/chunks/chunk_279.jpg,SVID
280,282.5,2.69380813076942,,137.271,5.78693399721898,MA_data/SVID/chunks/chunk_280.jpg,SVID
281,283.5,2.69380813076942,,137.271,5.78693399721898,MA_data/SVID/chunks/chunk_281.jpg,SVID
282,284.5,2.69380813076942,,137.271,5.78693399721898,MA_data/SVID/chunks/chunk_282.jpg,SVID
283,285.5,2.69380813076942,,137.271,5.78693399721898,MA_data/SVID/chunks/chunk_283.jpg,SVID
284,286.5,2.69380813076942,,137.271,5.78693399721898,MA_data/SVID/chunks/chunk_284.jpg,SVID
285,287.5,,,,,MA_data/SVID/chunks/chunk_285.jpg,SVID
286,288.5,,,,,MA_data/SVID/chunks/chunk_286.jpg,SVID
287,289.5,,,,,MA_data/SVID/chunks/chunk_287.jpg,SVID
288,290.5,2.75630623120607,,158.874,5.82975801607444,MA_data/SVID/chunks/chunk_288.jpg,SVID
289,291.5,2.75630623120607,,158.874,5.82975801607444,MA_data/SVID/chunks/chunk_289.jpg,SVID
290,292.5,2.75630623120607,,158.874,5.82975801607444,MA_data/SVID/chunks/chunk_290.jpg,SVID
291,293.5,2.75630623120607,,158.874,5.82975801607444,MA_data/SVID/chunks/chunk_291.jpg,SVID
292,294.5,2.75630623120607,,158.874,5.82975801607444,MA_data/SVID/chunks/chunk_292.jpg,SVID
293,295.5,,,,,MA_data/SVID/chunks/chunk_293.jpg,SVID
294,296.5,,,,,MA_data/SVID/chunks/chunk_294.jpg,SVID
295,297.5,,,,,MA_data/SVID/chunks/chunk_295.jpg,SVID
296,298.5,2.82832417835835,,122.532,5.95007405447475,MA_data/SVID/chunks/chunk_296.jpg,SVID
297,299.5,2.82832417835835,,122.532,5.95007405447475,MA_data/SVID/chunks/chunk_297.jpg,SVID
298,300.5,2.82832417835835,,122.532,5.95007405447475,MA_data/SVID/chunks/chunk_298.jpg,SVID
299,301.5,2.82832417835835,,122.532,5.95007405447475,MA_data/SVID/chunks/chunk_299.jpg,SVID
300,302.5,2.82832417835835,,122.532,5.95007405447475,MA_data/SVID/chunks/chunk_300.jpg,SVID
301,303.5,,,,,MA_data/SVID/chunks/chunk_301.jpg,SVID
302,304.5,,,,,MA_data/SVID/chunks/chunk_302.jpg,SVID
303,305.5,,,,,MA_data/SVID/chunks/chunk_303.jpg,SVID
304,306.5,2.84423357837426,0.164061523589779,121.028,5.7257277417970895,MA_data/SVID/chunks/chunk_304.jpg,SVID
305,307.5,2.84423357837426,0.164061523589779,121.028,5.7257277417970895,MA_data/SVID/chunks/chunk_305.jpg,SVID
306,308.5,2.84423357837426,0.164061523589779,121.028,5.7257277417970895,MA_data/SVID/chunks/chunk_306.jpg,SVID
307,309.5,2.84423357837426,0.164061523589779,121.028,5.7257277417970895,MA_data/SVID/chunks/chunk_307.jpg,SVID
308,310.5,2.84423357837426,0.164061523589779,121.028,5.7257277417970895,MA_data/SVID/chunks/chunk_308.jpg,SVID
309,311.5,,,,,MA_data/SVID/chunks/chunk_309.jpg,SVID
310,312.5,,,,,MA_data/SVID/chunks/chunk_310.jpg,SVID
311,313.5,,,,,MA_data/SVID/chunks/chunk_311.jpg,SVID
312,314.5,,,,,MA_data/SVID/chunks/chunk_312.jpg,SVID
313,315.5,,,,,MA_data/SVID/chunks/chunk_313.jpg,SVID
314,316.5,,,,,MA_data/SVID/chunks/chunk_314.jpg,SVID
315,317.5,,,,,MA_data/SVID/chunks/chunk_315.jpg,SVID
316,318.5,,,,,MA_data/SVID/chunks/chunk_316.jpg,SVID
317,319.5,,,,,MA_data/SVID/chunks/chunk_317.jpg,SVID
318,320.5,,,,,MA_data/SVID/chunks/chunk_318.jpg,SVID
319,321.5,,,,,MA_data/SVID/chunks/chunk_319.jpg,SVID
320,322.5,2.34004610575269,0.1464953894424338,115.872,5.344365101363976,MA_data/SVID/chunks/chunk_320.jpg,SVID
321,323.5,2.34004610575269,0.1464953894424338,115.872,5.344365101363976,MA_data/SVID/chunks/chunk_321.jpg,SVID
322,324.5,2.34004610575269,0.1464953894424338,115.872,5.344365101363976,MA_data/SVID/chunks/chunk_322.jpg,SVID
323,325.5,2.34004610575269,0.1464953894424338,115.872,5.344365101363976,MA_data/SVID/chunks/chunk_323.jpg,SVID
324,326.5,2.34004610575269,0.1464953894424338,115.872,5.344365101363976,MA_data/SVID/chunks/chunk_324.jpg,SVID
325,327.5,,,,,MA_data/SVID/chunks/chunk_325.jpg,SVID
326,328.5,,,,,MA_data/SVID/chunks/chunk_326.jpg,SVID
327,329.5,,,,,MA_data/SVID/chunks/chunk_327.jpg,SVID
328,330.5,2.56802061799636,,118.714,5.531735419081275,MA_data/SVID/chunks/chunk_328.jpg,SVID
329,331.5,2.56802061799636,,118.714,5.531735419081275,MA_data/SVID/chunks/chunk_329.jpg,SVID
330,332.5,2.56802061799636,,118.714,5.531735419081275,MA_data/SVID/chunks/chunk_330.jpg,SVID
331,333.5,2.56802061799636,,118.714,5.531735419081275,MA_data/SVID/chunks/chunk_331.jpg,SVID
332,334.5,2.56802061799636,,118.714,5.531735419081275,MA_data/SVID/chunks/chunk_332.jpg,SVID
333,335.5,,,,,MA_data/SVID/chunks/chunk_333.jpg,SVID
334,336.5,2.39871231271576,,110.271,5.402409816111358,MA_data/SVID/chunks/chunk_334.jpg,SVID
335,337.5,2.39871231271576,,110.271,5.402409816111358,MA_data/SVID/chunks/chunk_335.jpg,SVID
336,338.5,2.282491034350235,,109.11099999999999,5.329637362693543,MA_data/SVID/chunks/chunk_336.jpg,SVID
337,339.5,2.282491034350235,,109.11099999999999,5.329637362693543,MA_data/SVID/chunks/chunk_337.jpg,SVID
338,340.5,2.199534229310283,,106.85699999999999,5.304630217981803,MA_data/SVID/chunks/chunk_338.jpg,SVID
339,341.5,2.099945187607545,,105.15,5.255740418917025,MA_data/SVID/chunks/chunk_339.jpg,SVID
340,342.5,2.099945187607545,0.168874701887422,105.15,5.255740418917025,MA_data/SVID/chunks/chunk_340.jpg,SVID
341,343.5,2.03362061923038,0.168874701887422,102.349,5.254615928558322,MA_data/SVID/chunks/chunk_341.jpg,SVID
342,344.5,2.03362061923038,0.168874701887422,102.349,5.254615928558322,MA_data/SVID/chunks/chunk_342.jpg,SVID
343,345.5,,0.168874701887422,,,MA_data/SVID/chunks/chunk_343.jpg,SVID
344,346.5,2.38381443512464,0.1612340384388567,124.794,5.4140663371256545,MA_data/SVID/chunks/chunk_344.jpg,SVID
345,347.5,2.38381443512464,0.1535933749902914,124.794,5.4140663371256545,MA_data/SVID/chunks/chunk_345.jpg,SVID
346,348.5,2.38381443512464,0.1535933749902914,124.794,5.4140663371256545,MA_data/SVID/chunks/chunk_346.jpg,SVID
347,349.5,2.38381443512464,0.1535933749902914,124.794,5.4140663371256545,MA_data/SVID/chunks/chunk_347.jpg,SVID
348,350.5,2.38381443512464,0.1535933749902914,124.794,5.4140663371256545,MA_data/SVID/chunks/chunk_348.jpg,SVID
349,351.5,,,,,MA_data/SVID/chunks/chunk_349.jpg,SVID
350,352.5,,,,,MA_data/SVID/chunks/chunk_350.jpg,SVID
351,353.5,,,,,MA_data/SVID/chunks/chunk_351.jpg,SVID
352,354.5,2.66460142037067,,127.144,5.557429745245812,MA_data/SVID/chunks/chunk_352.jpg,SVID
353,355.5,2.66460142037067,,127.144,5.557429745245812,MA_data/SVID/chunks/chunk_353.jpg,SVID
354,356.5,2.66460142037067,,127.144,5.557429745245812,MA_data/SVID/chunks/chunk_354.jpg,SVID
355,357.5,2.66460142037067,,127.144,5.557429745245812,MA_data/SVID/chunks/chunk_355.jpg,SVID
356,358.5,2.66460142037067,,127.144,5.557429745245812,MA_data/SVID/chunks/chunk_356.jpg,SVID
357,359.5,,,,,MA_data/SVID/chunks/chunk_357.jpg,SVID
358,360.5,,,,,MA_data/SVID/chunks/chunk_358.jpg,SVID
359,361.5,,,,,MA_data/SVID/chunks/chunk_359.jpg,SVID
360,362.5,2.56465208320254,0.1776284334873193,133.575,5.582179853490895,MA_data/SVID/chunks/chunk_360.jpg,SVID
361,363.5,2.56465208320254,0.1776284334873193,133.575,5.582179853490895,MA_data/SVID/chunks/chunk_361.jpg,SVID
362,364.5,2.56465208320254,0.1776284334873193,133.575,5.582179853490895,MA_data/SVID/chunks/chunk_362.jpg,SVID
363,365.5,2.56465208320254,0.1776284334873193,133.575,5.582179853490895,MA_data/SVID/chunks/chunk_363.jpg,SVID
364,366.5,2.56465208320254,0.16467785908798654,133.575,5.582179853490895,MA_data/SVID/chunks/chunk_364.jpg,SVID
365,367.5,,0.1517272846886538,,,MA_data/SVID/chunks/chunk_365.jpg,SVID
366,368.5,,0.1517272846886538,,,MA_data/SVID/chunks/chunk_366.jpg,SVID
367,369.5,,0.1517272846886538,,,MA_data/SVID/chunks/chunk_367.jpg,SVID
368,370.5,2.65364005972036,0.1517272846886538,130.355,5.535860183898154,MA_data/SVID/chunks/chunk_368.jpg,SVID
369,371.5,2.65364005972036,,130.355,5.535860183898154,MA_data/SVID/chunks/chunk_369.jpg,SVID
370,372.5,2.65364005972036,,130.355,5.535860183898154,MA_data/SVID/chunks/chunk_370.jpg,SVID
371,373.5,2.65364005972036,,130.355,5.535860183898154,MA_data/SVID/chunks/chunk_371.jpg,SVID
372,374.5,2.65364005972036,,130.355,5.535860183898154,MA_data/SVID/chunks/chunk_372.jpg,SVID
373,375.5,,,,,MA_data/SVID/chunks/chunk_373.jpg,SVID
374,376.5,,,,,MA_data/SVID/chunks/chunk_374.jpg,SVID
375,377.5,,,,,MA_data/SVID/chunks/chunk_375.jpg,SVID
376,378.5,2.36717753324643,,119.489,5.418776472271139,MA_data/SVID/chunks/chunk_376.jpg,SVID
377,379.5,2.36717753324643,,119.489,5.418776472271139,MA_data/SVID/chunks/chunk_377.jpg,SVID
378,380.5,2.36717753324643,,119.489,5.418776472271139,MA_data/SVID/chunks/chunk_378.jpg,SVID
379,381.5,2.36717753324643,,119.489,5.418776472271139,MA_data/SVID/chunks/chunk_379.jpg,SVID
380,382.5,2.36717753324643,,119.489,5.418776472271139,MA_data/SVID/chunks/chunk_380.jpg,SVID
381,383.5,,,,,MA_data/SVID/chunks/chunk_381.jpg,SVID
382,384.5,,,,,MA_data/SVID/chunks/chunk_382.jpg,SVID
383,385.5,,,,,MA_data/SVID/chunks/chunk_383.jpg,SVID
384,386.5,2.3648042438382,,116.537,5.489726137031821,MA_data/SVID/chunks/chunk_384.jpg,SVID
385,387.5,2.3648042438382,,116.537,5.489726137031821,MA_data/SVID/chunks/chunk_385.jpg,SVID
386,388.5,2.3648042438382,,116.537,5.489726137031821,MA_data/SVID/chunks/chunk_386.jpg,SVID
387,389.5,2.3648042438382,,116.537,5.489726137031821,MA_data/SVID/chunks/chunk_387.jpg,SVID
388,390.5,2.3648042438382,,116.537,5.489726137031821,MA_data/SVID/chunks/chunk_388.jpg,SVID
389,391.5,,,,,MA_data/SVID/chunks/chunk_389.jpg,SVID
390,392.5,,,,,MA_data/SVID/chunks/chunk_390.jpg,SVID
391,393.5,,,,,MA_data/SVID/chunks/chunk_391.jpg,SVID
392,394.5,2.59513660050779,,128.776,5.668601906582805,MA_data/SVID/chunks/chunk_392.jpg,SVID
393,395.5,2.59513660050779,,128.776,5.668601906582805,MA_data/SVID/chunks/chunk_393.jpg,SVID
394,396.5,2.59513660050779,,128.776,5.668601906582805,MA_data/SVID/chunks/chunk_394.jpg,SVID
395,397.5,2.59513660050779,,128.776,5.668601906582805,MA_data/SVID/chunks/chunk_395.jpg,SVID
396,398.5,2.59513660050779,,128.776,5.668601906582805,MA_data/SVID/chunks/chunk_396.jpg,SVID
397,399.5,,,,,MA_data/SVID/chunks/chunk_397.jpg,SVID
398,400.5,,,,,MA_data/SVID/chunks/chunk_398.jpg,SVID
399,401.5,,,,,MA_data/SVID/chunks/chunk_399.jpg,SVID
400,402.5,2.48460138835202,0.1616207733498354,119.527,5.717814823068146,MA_data/SVID/chunks/chunk_400.jpg,SVID
401,403.5,2.48460138835202,0.1616207733498354,119.527,5.717814823068146,MA_data/SVID/chunks/chunk_401.jpg,SVID
402,404.5,2.48460138835202,0.1616207733498354,119.527,5.717814823068146,MA_data/SVID/chunks/chunk_402.jpg,SVID
403,405.5,2.48460138835202,0.1616207733498354,119.527,5.717814823068146,MA_data/SVID/chunks/chunk_403.jpg,SVID
404,406.5,2.48460138835202,0.1616207733498354,119.527,5.717814823068146,MA_data/SVID/chunks/chunk_404.jpg,SVID
405,407.5,,,,,MA_data/SVID/chunks/chunk_405.jpg,SVID
406,408.5,,,,,MA_data/SVID/chunks/chunk_406.jpg,SVID
407,409.5,,,,,MA_data/SVID/chunks/chunk_407.jpg,SVID
408,410.5,2.55427972450108,,119.729,5.4913228416300095,MA_data/SVID/chunks/chunk_408.jpg,SVID
409,411.5,2.55427972450108,,119.729,5.4913228416300095,MA_data/SVID/chunks/chunk_409.jpg,SVID
410,412.5,2.55427972450108,,119.729,5.4913228416300095,MA_data/SVID/chunks/chunk_410.jpg,SVID
411,413.5,2.55427972450108,,119.729,5.4913228416300095,MA_data/SVID/chunks/chunk_411.jpg,SVID
412,414.5,2.55427972450108,,119.729,5.4913228416300095,MA_data/SVID/chunks/chunk_412.jpg,SVID
413,415.5,,,,,MA_data/SVID/chunks/chunk_413.jpg,SVID
414,416.5,,,,,MA_data/SVID/chunks/chunk_414.jpg,SVID
415,417.5,,,,,MA_data/SVID/chunks/chunk_415.jpg,SVID
416,418.5,2.37879451434328,,110.621,5.542808981784761,MA_data/SVID/chunks/chunk_416.jpg,SVID
417,419.5,2.37879451434328,,110.621,5.542808981784761,MA_data/SVID/chunks/chunk_417.jpg,SVID
418,420.5,2.37879451434328,,110.621,5.542808981784761,MA_data/SVID/chunks/chunk_418.jpg,SVID
419,421.5,2.37879451434328,,110.621,5.542808981784761,MA_data/SVID/chunks/chunk_419.jpg,SVID
420,422.5,2.37879451434328,,110.621,5.542808981784761,MA_data/SVID/chunks/chunk_420.jpg,SVID
421,423.5,,,,,MA_data/SVID/chunks/chunk_421.jpg,SVID
422,424.5,,,,,MA_data/SVID/chunks/chunk_422.jpg,SVID
423,425.5,,,,,MA_data/SVID/chunks/chunk_423.jpg,SVID
424,426.5,2.35119460966403,,113.62,5.61536717485222,MA_data/SVID/chunks/chunk_424.jpg,SVID
425,427.5,2.35119460966403,,113.62,5.61536717485222,MA_data/SVID/chunks/chunk_425.jpg,SVID
426,428.5,2.35119460966403,,113.62,5.61536717485222,MA_data/SVID/chunks/chunk_426.jpg,SVID
427,429.5,2.35119460966403,,113.62,5.61536717485222,MA_data/SVID/chunks/chunk_427.jpg,SVID
428,430.5,2.35119460966403,,113.62,5.61536717485222,MA_data/SVID/chunks/chunk_428.jpg,SVID
429,431.5,,,,,MA_data/SVID/chunks/chunk_429.jpg,SVID
430,432.5,,,,,MA_data/SVID/chunks/chunk_430.jpg,SVID
431,433.5,,,,,MA_data/SVID/chunks/chunk_431.jpg,SVID
432,434.5,2.39847034990696,,115.126,5.538400035685375,MA_data/SVID/chunks/chunk_432.jpg,SVID
433,435.5,2.39847034990696,,115.126,5.538400035685375,MA_data/SVID/chunks/chunk_433.jpg,SVID
434,436.5,2.39847034990696,,115.126,5.538400035685375,MA_data/SVID/chunks/chunk_434.jpg,SVID
435,437.5,2.39847034990696,,115.126,5.538400035685375,MA_data/SVID/chunks/chunk_435.jpg,SVID
436,438.5,2.39847034990696,,115.126,5.538400035685375,MA_data/SVID/chunks/chunk_436.jpg,SVID
437,439.5,,,,,MA_data/SVID/chunks/chunk_437.jpg,SVID
438,440.5,2.29686431938453,0.1486977564867452,123.596,5.507312774032172,MA_data/SVID/chunks/chunk_438.jpg,SVID
439,441.5,2.29686431938453,0.1486977564867452,123.596,5.507312774032172,MA_data/SVID/chunks/chunk_439.jpg,SVID
440,442.5,2.29686431938453,0.1486977564867452,123.596,5.507312774032172,MA_data/SVID/chunks/chunk_440.jpg,SVID
441,443.5,2.29686431938453,0.1486977564867452,123.596,5.507312774032172,MA_data/SVID/chunks/chunk_441.jpg,SVID
442,444.5,2.29686431938453,0.1486977564867452,123.596,5.507312774032172,MA_data/SVID/chunks/chunk_442.jpg,SVID
443,445.5,,,,,MA_data/SVID/chunks/chunk_443.jpg,SVID
444,446.5,,,,,MA_data/SVID/chunks/chunk_444.jpg,SVID
445,447.5,,,,,MA_data/SVID/chunks/chunk_445.jpg,SVID
446,448.5,,,,,MA_data/SVID/chunks/chunk_446.jpg,SVID
447,449.5,,,,,MA_data/SVID/chunks/chunk_447.jpg,SVID
448,450.5,,,,,MA_data/SVID/chunks/chunk_448.jpg,SVID
449,451.5,,,,,MA_data/SVID/chunks/chunk_449.jpg,SVID
450,452.5,,,,,MA_data/SVID/chunks/chunk_450.jpg,SVID
451,453.5,,,,,MA_data/SVID/chunks/chunk_451.jpg,SVID
452,454.5,,,,,MA_data/SVID/chunks/chunk_452.jpg,SVID
453,455.5,,,,,MA_data/SVID/chunks/chunk_453.jpg,SVID
454,456.5,,,,,MA_data/SVID/chunks/chunk_454.jpg,SVID
455,457.5,,,,,MA_data/SVID/chunks/chunk_455.jpg,SVID
456,458.5,2.19826704975649,,118.577,5.521933408884583,MA_data/SVID/chunks/chunk_456.jpg,SVID
457,459.5,2.19826704975649,,118.577,5.521933408884583,MA_data/SVID/chunks/chunk_457.jpg,SVID
458,460.5,2.19826704975649,,118.577,5.521933408884583,MA_data/SVID/chunks/chunk_458.jpg,SVID
459,461.5,2.19826704975649,,118.577,5.521933408884583,MA_data/SVID/chunks/chunk_459.jpg,SVID
460,462.5,2.19826704975649,,118.577,5.521933408884583,MA_data/SVID/chunks/chunk_460.jpg,SVID
461,463.5,,,,,MA_data/SVID/chunks/chunk_461.jpg,SVID
462,464.5,,,,,MA_data/SVID/chunks/chunk_462.jpg,SVID
463,465.5,,,,,MA_data/SVID/chunks/chunk_463.jpg,SVID
464,466.5,,0.1780848506217337,,,MA_data/SVID/chunks/chunk_464.jpg,SVID
465,467.5,,0.1780848506217337,,,MA_data/SVID/chunks/chunk_465.jpg,SVID
466,468.5,,0.1780848506217337,,,MA_data/SVID/chunks/chunk_466.jpg,SVID
467,469.5,,0.1780848506217337,,,MA_data/SVID/chunks/chunk_467.jpg,SVID
468,470.5,,0.1780848506217337,,,MA_data/SVID/chunks/chunk_468.jpg,SVID
469,471.5,,,,,MA_data/SVID/chunks/chunk_469.jpg,SVID
470,472.5,,,,,MA_data/SVID/chunks/chunk_470.jpg,SVID
471,473.5,,,,,MA_data/SVID/chunks/chunk_471.jpg,SVID
472,474.5,2.14699412544764,,122.727,5.381080509594842,MA_data/SVID/chunks/chunk_472.jpg,SVID
473,475.5,2.14699412544764,,122.727,5.381080509594842,MA_data/SVID/chunks/chunk_473.jpg,SVID
474,476.5,2.14699412544764,,122.727,5.381080509594842,MA_data/SVID/chunks/chunk_474.jpg,SVID
475,477.5,2.14699412544764,,122.727,5.381080509594842,MA_data/SVID/chunks/chunk_475.jpg,SVID
476,478.5,2.14699412544764,,122.727,5.381080509594842,MA_data/SVID/chunks/chunk_476.jpg,SVID
477,479.5,,,,,MA_data/SVID/chunks/chunk_477.jpg,SVID
478,480.5,,0.1439891390198162,,,MA_data/SVID/chunks/chunk_478.jpg,SVID
479,481.5,,0.1439891390198162,,,MA_data/SVID/chunks/chunk_479.jpg,SVID
480,482.5,,0.1461637191820796,,,MA_data/SVID/chunks/chunk_480.jpg,SVID
481,483.5,,0.1461637191820796,,,MA_data/SVID/chunks/chunk_481.jpg,SVID
482,484.5,,0.1461637191820796,,,MA_data/SVID/chunks/chunk_482.jpg,SVID
483,485.5,,0.148338299344343,,,MA_data/SVID/chunks/chunk_483.jpg,SVID
484,486.5,,0.148338299344343,,,MA_data/SVID/chunks/chunk_484.jpg,SVID
485,487.5,,,,,MA_data/SVID/chunks/chunk_485.jpg,SVID
486,488.5,,,,,MA_data/SVID/chunks/chunk_486.jpg,SVID
487,489.5,,,,,MA_data/SVID/chunks/chunk_487.jpg,SVID
488,490.5,2.58864906303751,0.1636092174098497,124.302,5.264498768910509,MA_data/SVID/chunks/chunk_488.jpg,SVID
489,491.5,2.58864906303751,0.1636092174098497,124.302,5.264498768910509,MA_data/SVID/chunks/chunk_489.jpg,SVID
490,492.5,2.58864906303751,0.1636092174098497,124.302,5.264498768910509,MA_data/SVID/chunks/chunk_490.jpg,SVID
491,493.5,2.58864906303751,0.1636092174098497,124.302,5.264498768910509,MA_data/SVID/chunks/chunk_491.jpg,SVID
492,494.5,2.58864906303751,0.1636092174098497,124.302,5.264498768910509,MA_data/SVID/chunks/chunk_492.jpg,SVID
493,495.5,,,,,MA_data/SVID/chunks/chunk_493.jpg,SVID
494,496.5,,,,,MA_data/SVID/chunks/chunk_494.jpg,SVID
495,497.5,,,,,MA_data/SVID/chunks/chunk_495.jpg,SVID
496,498.5,2.03916469458495,,134.676,5.514631012563291,MA_data/SVID/chunks/chunk_496.jpg,SVID
497,499.5,2.03916469458495,,134.676,5.514631012563291,MA_data/SVID/chunks/chunk_497.jpg,SVID
498,500.5,2.03916469458495,,134.676,5.514631012563291,MA_data/SVID/chunks/chunk_498.jpg,SVID
499,501.5,2.03916469458495,,134.676,5.514631012563291,MA_data/SVID/chunks/chunk_499.jpg,SVID
500,502.5,2.03916469458495,,134.676,5.514631012563291,MA_data/SVID/chunks/chunk_500.jpg,SVID
501,503.5,,,,,MA_data/SVID/chunks/chunk_501.jpg,SVID
502,504.5,,,,,MA_data/SVID/chunks/chunk_502.jpg,SVID
503,505.5,,,,,MA_data/SVID/chunks/chunk_503.jpg,SVID
504,506.5,1.53277526934538,,105.803,5.361192642927407,MA_data/SVID/chunks/chunk_504.jpg,SVID
505,507.5,1.53277526934538,,105.803,5.361192642927407,MA_data/SVID/chunks/chunk_505.jpg,SVID
506,508.5,1.53277526934538,,105.803,5.361192642927407,MA_data/SVID/chunks/chunk_506.jpg,SVID
507,509.5,1.53277526934538,,105.803,5.361192642927407,MA_data/SVID/chunks/chunk_507.jpg,SVID
508,510.5,1.53277526934538,,105.803,5.361192642927407,MA_data/SVID/chunks/chunk_508.jpg,SVID
509,511.5,,,,,MA_data/SVID/chunks/chunk_509.jpg,SVID
510,512.5,,,,,MA_data/SVID/chunks/chunk_510.jpg,SVID
511,513.5,,,,,MA_data/SVID/chunks/chunk_511.jpg,SVID
512,514.5,2.12604343711346,,107.502,6.14406131696468,MA_data/SVID/chunks/chunk_512.jpg,SVID
513,515.5,2.12604343711346,,107.502,6.14406131696468,MA_data/SVID/chunks/chunk_513.jpg,SVID
514,516.5,2.12604343711346,,107.502,6.14406131696468,MA_data/SVID/chunks/chunk_514.jpg,SVID
515,517.5,2.12604343711346,,107.502,6.14406131696468,MA_data/SVID/chunks/chunk_515.jpg,SVID
516,518.5,2.12604343711346,,107.502,6.14406131696468,MA_data/SVID/chunks/chunk_516.jpg,SVID
517,519.5,,,,,MA_data/SVID/chunks/chunk_517.jpg,SVID
518,520.5,,,,,MA_data/SVID/chunks/chunk_518.jpg,SVID
519,521.5,,,,,MA_data/SVID/chunks/chunk_519.jpg,SVID
520,522.5,2.29922209272328,,129.049,5.675822555540357,MA_data/SVID/chunks/chunk_520.jpg,SVID
521,523.5,2.29922209272328,,129.049,5.675822555540357,MA_data/SVID/chunks/chunk_521.jpg,SVID
522,524.5,2.29922209272328,,129.049,5.675822555540357,MA_data/SVID/chunks/chunk_522.jpg,SVID
523,525.5,2.29922209272328,,129.049,5.675822555540357,MA_data/SVID/chunks/chunk_523.jpg,SVID
524,526.5,2.29922209272328,,129.049,5.675822555540357,MA_data/SVID/chunks/chunk_524.jpg,SVID
525,527.5,,,,,MA_data/SVID/chunks/chunk_525.jpg,SVID
526,528.5,,,,,MA_data/SVID/chunks/chunk_526.jpg,SVID
527,529.5,,,,,MA_data/SVID/chunks/chunk_527.jpg,SVID
528,530.5,2.19189112046434,,124.481,5.530002429953514,MA_data/SVID/chunks/chunk_528.jpg,SVID
529,531.5,2.19189112046434,,124.481,5.530002429953514,MA_data/SVID/chunks/chunk_529.jpg,SVID
530,532.5,2.19189112046434,,124.481,5.530002429953514,MA_data/SVID/chunks/chunk_530.jpg,SVID
531,533.5,2.19189112046434,,124.481,5.530002429953514,MA_data/SVID/chunks/chunk_531.jpg,SVID
532,534.5,2.19189112046434,,124.481,5.530002429953514,MA_data/SVID/chunks/chunk_532.jpg,SVID
533,535.5,,,,,MA_data/SVID/chunks/chunk_533.jpg,SVID
534,536.5,,,,,MA_data/SVID/chunks/chunk_534.jpg,SVID
535,537.5,,,,,MA_data/SVID/chunks/chunk_535.jpg,SVID
536,538.5,2.14348570841225,,120.976,5.59207783252757,MA_data/SVID/chunks/chunk_536.jpg,SVID
537,539.5,2.14348570841225,,120.976,5.59207783252757,MA_data/SVID/chunks/chunk_537.jpg,SVID
538,540.5,2.14348570841225,,120.976,5.59207783252757,MA_data/SVID/chunks/chunk_538.jpg,SVID
539,541.5,2.14348570841225,,120.976,5.59207783252757,MA_data/SVID/chunks/chunk_539.jpg,SVID
540,542.5,2.14348570841225,,120.976,5.59207783252757,MA_data/SVID/chunks/chunk_540.jpg,SVID
541,543.5,,,,,MA_data/SVID/chunks/chunk_541.jpg,SVID
542,544.5,,,,,MA_data/SVID/chunks/chunk_542.jpg,SVID
543,545.5,,,,,MA_data/SVID/chunks/chunk_543.jpg,SVID
544,546.5,1.91910555535186,,116.048,5.682492072256043,MA_data/SVID/chunks/chunk_544.jpg,SVID
545,547.5,1.91910555535186,,116.048,5.682492072256043,MA_data/SVID/chunks/chunk_545.jpg,SVID
546,548.5,1.91910555535186,,116.048,5.682492072256043,MA_data/SVID/chunks/chunk_546.jpg,SVID
547,549.5,1.91910555535186,,116.048,5.682492072256043,MA_data/SVID/chunks/chunk_547.jpg,SVID
548,550.5,1.91910555535186,,116.048,5.682492072256043,MA_data/SVID/chunks/chunk_548.jpg,SVID
549,551.5,,,,,MA_data/SVID/chunks/chunk_549.jpg,SVID
550,552.5,,,,,MA_data/SVID/chunks/chunk_550.jpg,SVID
551,553.5,,,,,MA_data/SVID/chunks/chunk_551.jpg,SVID
552,554.5,2.24450566900362,,134.345,5.665886861292164,MA_data/SVID/chunks/chunk_552.jpg,SVID
553,555.5,2.24450566900362,,134.345,5.665886861292164,MA_data/SVID/chunks/chunk_553.jpg,SVID
554,556.5,2.24450566900362,,134.345,5.665886861292164,MA_data/SVID/chunks/chunk_554.jpg,SVID
555,557.5,2.24450566900362,,134.345,5.665886861292164,MA_data/SVID/chunks/chunk_555.jpg,SVID
556,558.5,2.24450566900362,,134.345,5.665886861292164,MA_data/SVID/chunks/chunk_556.jpg,SVID
557,559.5,,,,,MA_data/SVID/chunks/chunk_557.jpg,SVID
558,560.5,,,,,MA_data/SVID/chunks/chunk_558.jpg,SVID
559,561.5,,,,,MA_data/SVID/chunks/chunk_559.jpg,SVID
560,562.5,2.04559266366648,0.1599944226525995,126.397,5.708473582507072,MA_data/SVID/chunks/chunk_560.jpg,SVID
561,563.5,2.04559266366648,0.1599944226525995,126.397,5.708473582507072,MA_data/SVID/chunks/chunk_561.jpg,SVID
562,564.5,2.04559266366648,0.1599944226525995,126.397,5.708473582507072,MA_data/SVID/chunks/chunk_562.jpg,SVID
563,565.5,2.04559266366648,0.1599944226525995,126.397,5.708473582507072,MA_data/SVID/chunks/chunk_563.jpg,SVID
564,566.5,2.04559266366648,0.1599944226525995,126.397,5.708473582507072,MA_data/SVID/chunks/chunk_564.jpg,SVID
565,567.5,,,,,MA_data/SVID/chunks/chunk_565.jpg,SVID
566,568.5,,,,,MA_data/SVID/chunks/chunk_566.jpg,SVID
567,569.5,,,,,MA_data/SVID/chunks/chunk_567.jpg,SVID
568,570.5,2.04740901307053,,124.706,5.661521095179745,MA_data/SVID/chunks/chunk_568.jpg,SVID
569,571.5,2.04740901307053,,124.706,5.661521095179745,MA_data/SVID/chunks/chunk_569.jpg,SVID
570,572.5,2.04740901307053,,124.706,5.661521095179745,MA_data/SVID/chunks/chunk_570.jpg,SVID
571,573.5,2.04740901307053,,124.706,5.661521095179745,MA_data/SVID/chunks/chunk_571.jpg,SVID
572,574.5,2.04740901307053,,124.706,5.661521095179745,MA_data/SVID/chunks/chunk_572.jpg,SVID
573,575.5,,,,,MA_data/SVID/chunks/chunk_573.jpg,SVID
574,576.5,,,,,MA_data/SVID/chunks/chunk_574.jpg,SVID
575,577.5,,,,,MA_data/SVID/chunks/chunk_575.jpg,SVID
576,578.5,2.0511734935164,,125.415,5.53146461573246,MA_data/SVID/chunks/chunk_576.jpg,SVID
577,579.5,2.0511734935164,,125.415,5.53146461573246,MA_data/SVID/chunks/chunk_577.jpg,SVID
578,580.5,2.0511734935164,,125.415,5.53146461573246,MA_data/SVID/chunks/chunk_578.jpg,SVID
579,581.5,2.0511734935164,,125.415,5.53146461573246,MA_data/SVID/chunks/chunk_579.jpg,SVID
580,582.5,2.0511734935164,,125.415,5.53146461573246,MA_data/SVID/chunks/chunk_580.jpg,SVID
581,583.5,,,,,MA_data/SVID/chunks/chunk_581.jpg,SVID
582,584.5,,,,,MA_data/SVID/chunks/chunk_582.jpg,SVID
583,585.5,,,,,MA_data/SVID/chunks/chunk_583.jpg,SVID
584,586.5,2.02868958415752,,129.334,5.677682167420873,MA_data/SVID/chunks/chunk_584.jpg,SVID
585,587.5,2.02868958415752,,129.334,5.677682167420873,MA_data/SVID/chunks/chunk_585.jpg,SVID
586,588.5,2.02868958415752,,129.334,5.677682167420873,MA_data/SVID/chunks/chunk_586.jpg,SVID
587,589.5,2.02868958415752,,129.334,5.677682167420873,MA_data/SVID/chunks/chunk_587.jpg,SVID
588,590.5,2.02868958415752,,129.334,5.677682167420873,MA_data/SVID/chunks/chunk_588.jpg,SVID
589,591.5,,,,,MA_data/SVID/chunks/chunk_589.jpg,SVID
590,592.5,,,,,MA_data/SVID/chunks/chunk_590.jpg,SVID
591,593.5,,,,,MA_data/SVID/chunks/chunk_591.jpg,SVID
592,594.5,1.83382599097215,,129.871,5.409478183668039,MA_data/SVID/chunks/chunk_592.jpg,SVID
593,595.5,1.83382599097215,,129.871,5.409478183668039,MA_data/SVID/chunks/chunk_593.jpg,SVID
594,596.5,1.83382599097215,,129.871,5.409478183668039,MA_data/SVID/chunks/chunk_594.jpg,SVID
595,597.5,1.83382599097215,,129.871,5.409478183668039,MA_data/SVID/chunks/chunk_595.jpg,SVID
596,598.5,1.83382599097215,,129.871,5.409478183668039,MA_data/SVID/chunks/chunk_596.jpg,SVID
597,599.5,,,,,MA_data/SVID/chunks/chunk_597.jpg,SVID
598,600.5,,,,,MA_data/SVID/chunks/chunk_598.jpg,SVID
599,601.5,,,,,MA_data/SVID/chunks/chunk_599.jpg,SVID
600,602.5,1.90902291542288,0.1313619889692704,124.929,5.488574725566456,MA_data/SVID/chunks/chunk_600.jpg,SVID
601,603.5,1.90902291542288,0.1313619889692704,124.929,5.488574725566456,MA_data/SVID/chunks/chunk_601.jpg,SVID
602,604.5,1.90902291542288,0.1313619889692704,124.929,5.488574725566456,MA_data/SVID/chunks/chunk_602.jpg,SVID
603,605.5,1.90902291542288,0.1313619889692704,124.929,5.488574725566456,MA_data/SVID/chunks/chunk_603.jpg,SVID
604,606.5,1.90902291542288,0.1313619889692704,124.929,5.488574725566456,MA_data/SVID/chunks/chunk_604.jpg,SVID
605,607.5,,,,,MA_data/SVID/chunks/chunk_605.jpg,SVID
606,608.5,,,,,MA_data/SVID/chunks/chunk_606.jpg,SVID
607,609.5,,,,,MA_data/SVID/chunks/chunk_607.jpg,SVID
608,610.5,1.92219565588567,,131.238,5.3836576387183035,MA_data/SVID/chunks/chunk_608.jpg,SVID
609,611.5,1.92219565588567,,131.238,5.3836576387183035,MA_data/SVID/chunks/chunk_609.jpg,SVID
610,612.5,1.92219565588567,,131.238,5.3836576387183035,MA_data/SVID/chunks/chunk_610.jpg,SVID
611,613.5,1.92219565588567,,131.238,5.3836576387183035,MA_data/SVID/chunks/chunk_611.jpg,SVID
612,614.5,1.92219565588567,,131.238,5.3836576387183035,MA_data/SVID/chunks/chunk_612.jpg,SVID
613,615.5,,,,,MA_data/SVID/chunks/chunk_613.jpg,SVID
614,616.5,,,,,MA_data/SVID/chunks/chunk_614.jpg,SVID
615,617.5,,,,,MA_data/SVID/chunks/chunk_615.jpg,SVID
616,618.5,2.07914629310332,,134.57,5.557865358785247,MA_data/SVID/chunks/chunk_616.jpg,SVID
617,619.5,2.07914629310332,,134.57,5.557865358785247,MA_data/SVID/chunks/chunk_617.jpg,SVID
618,620.5,2.07914629310332,,134.57,5.557865358785247,MA_data/SVID/chunks/chunk_618.jpg,SVID
619,621.5,2.07914629310332,,134.57,5.557865358785247,MA_data/SVID/chunks/chunk_619.jpg,SVID
620,622.5,2.07914629310332,,134.57,5.557865358785247,MA_data/SVID/chunks/chunk_620.jpg,SVID
621,623.5,,,,,MA_data/SVID/chunks/chunk_621.jpg,SVID
622,624.5,,,,,MA_data/SVID/chunks/chunk_622.jpg,SVID
623,625.5,,,,,MA_data/SVID/chunks/chunk_623.jpg,SVID
624,626.5,1.93222724361361,,125.738,5.444535724635662,MA_data/SVID/chunks/chunk_624.jpg,SVID
625,627.5,1.93222724361361,,125.738,5.444535724635662,MA_data/SVID/chunks/chunk_625.jpg,SVID
626,628.5,1.93222724361361,,125.738,5.444535724635662,MA_data/SVID/chunks/chunk_626.jpg,SVID
627,629.5,1.93222724361361,,125.738,5.444535724635662,MA_data/SVID/chunks/chunk_627.jpg,SVID
628,630.5,1.93222724361361,,125.738,5.444535724635662,MA_data/SVID/chunks/chunk_628.jpg,SVID
629,631.5,,,,,MA_data/SVID/chunks/chunk_629.jpg,SVID
630,632.5,,,,,MA_data/SVID/chunks/chunk_630.jpg,SVID
631,633.5,,,,,MA_data/SVID/chunks/chunk_631.jpg,SVID
632,634.5,1.77543149398995,0.1421086058390755,135.131,5.217166114354108,MA_data/SVID/chunks/chunk_632.jpg,SVID
633,635.5,1.77543149398995,0.1421086058390755,135.131,5.217166114354108,MA_data/SVID/chunks/chunk_633.jpg,SVID
634,636.5,1.77543149398995,0.1421086058390755,135.131,5.217166114354108,MA_data/SVID/chunks/chunk_634.jpg,SVID
635,637.5,1.77543149398995,0.1421086058390755,135.131,5.217166114354108,MA_data/SVID/chunks/chunk_635.jpg,SVID
636,638.5,1.77543149398995,0.1421086058390755,135.131,5.217166114354108,MA_data/SVID/chunks/chunk_636.jpg,SVID
637,639.5,,,,,MA_data/SVID/chunks/chunk_637.jpg,SVID
638,640.5,,,,,MA_data/SVID/chunks/chunk_638.jpg,SVID
639,641.5,,,,,MA_data/SVID/chunks/chunk_639.jpg,SVID
640,642.5,1.60831978463738,0.1417159888097768,112.598,4.87027688350104,MA_data/SVID/chunks/chunk_640.jpg,SVID
641,643.5,1.60831978463738,0.1417159888097768,112.598,4.87027688350104,MA_data/SVID/chunks/chunk_641.jpg,SVID
642,644.5,1.60831978463738,0.1417159888097768,112.598,4.87027688350104,MA_data/SVID/chunks/chunk_642.jpg,SVID
643,645.5,1.60831978463738,0.1417159888097768,112.598,4.87027688350104,MA_data/SVID/chunks/chunk_643.jpg,SVID
644,646.5,1.60831978463738,0.1417159888097768,112.598,4.87027688350104,MA_data/SVID/chunks/chunk_644.jpg,SVID
645,647.5,,,,,MA_data/SVID/chunks/chunk_645.jpg,SVID
646,648.5,,,,,MA_data/SVID/chunks/chunk_646.jpg,SVID
647,649.5,,,,,MA_data/SVID/chunks/chunk_647.jpg,SVID
648,650.5,,,,,MA_data/SVID/chunks/chunk_648.jpg,SVID
649,651.5,,,,,MA_data/SVID/chunks/chunk_649.jpg,SVID
650,652.5,,,,,MA_data/SVID/chunks/chunk_650.jpg,SVID
651,653.5,,,,,MA_data/SVID/chunks/chunk_651.jpg,SVID
652,654.5,1.71332451019027,0.1305036237540461,124.546,4.925543231721628,MA_data/SVID/chunks/chunk_652.jpg,SVID
653,655.5,1.71332451019027,0.1305036237540461,124.546,4.925543231721628,MA_data/SVID/chunks/chunk_653.jpg,SVID
654,656.5,1.71332451019027,0.1305036237540461,124.546,4.925543231721628,MA_data/SVID/chunks/chunk_654.jpg,SVID
655,657.5,1.71332451019027,0.1305036237540461,124.546,4.925543231721628,MA_data/SVID/chunks/chunk_655.jpg,SVID
656,658.5,1.727666581342955,0.1305036237540461,130.4815,4.955679621083826,MA_data/SVID/chunks/chunk_656.jpg,SVID
657,659.5,1.74200865249564,,136.417,4.985816010446025,MA_data/SVID/chunks/chunk_657.jpg,SVID
658,660.5,1.74200865249564,,136.417,4.985816010446025,MA_data/SVID/chunks/chunk_658.jpg,SVID
659,661.5,1.74200865249564,,136.417,4.985816010446025,MA_data/SVID/chunks/chunk_659.jpg,SVID
660,662.5,1.7983636368025,,129.2455,5.033823745056822,MA_data/SVID/chunks/chunk_660.jpg,SVID
661,663.5,1.85471862110936,,122.074,5.08183147966762,MA_data/SVID/chunks/chunk_661.jpg,SVID
662,664.5,1.85471862110936,,122.074,5.08183147966762,MA_data/SVID/chunks/chunk_662.jpg,SVID
663,665.5,1.85471862110936,,122.074,5.08183147966762,MA_data/SVID/chunks/chunk_663.jpg,SVID
664,666.5,1.781574405358435,0.1281486001694098,125.0325,5.08273080939704,MA_data/SVID/chunks/chunk_664.jpg,SVID
665,667.5,1.70843018960751,0.1281486001694098,127.991,5.083630139126461,MA_data/SVID/chunks/chunk_665.jpg,SVID
666,668.5,1.70843018960751,0.1281486001694098,127.991,5.083630139126461,MA_data/SVID/chunks/chunk_666.jpg,SVID
667,669.5,1.70843018960751,0.1281486001694098,127.991,5.083630139126461,MA_data/SVID/chunks/chunk_667.jpg,SVID
668,670.5,1.673254799861355,0.1281486001694098,128.883,5.049563733387684,MA_data/SVID/chunks/chunk_668.jpg,SVID
669,671.5,1.6380794101152,,129.775,5.015497327648907,MA_data/SVID/chunks/chunk_669.jpg,SVID
670,672.5,1.6380794101152,,129.775,5.015497327648907,MA_data/SVID/chunks/chunk_670.jpg,SVID
671,673.5,1.6380794101152,,129.775,5.015497327648907,MA_data/SVID/chunks/chunk_671.jpg,SVID
672,674.5,1.6864476958060801,,128.7665,5.019704305719254,MA_data/SVID/chunks/chunk_672.jpg,SVID
673,675.5,1.73481598149696,,127.758,5.023911283789602,MA_data/SVID/chunks/chunk_673.jpg,SVID
674,676.5,1.73481598149696,,127.758,5.023911283789602,MA_data/SVID/chunks/chunk_674.jpg,SVID
675,677.5,1.73481598149696,,127.758,5.023911283789602,MA_data/SVID/chunks/chunk_675.jpg,SVID
676,678.5,1.686269160548865,,127.0915,5.033672917739411,MA_data/SVID/chunks/chunk_676.jpg,SVID
677,679.5,1.63772233960077,,126.425,5.04343455168922,MA_data/SVID/chunks/chunk_677.jpg,SVID
678,680.5,1.63772233960077,,126.425,5.04343455168922,MA_data/SVID/chunks/chunk_678.jpg,SVID
679,681.5,1.63772233960077,,126.425,5.04343455168922,MA_data/SVID/chunks/chunk_679.jpg,SVID
680,682.5,1.464315091119205,0.1391442623438438,124.303,5.021685115822432,MA_data/SVID/chunks/chunk_680.jpg,SVID
681,683.5,1.29090784263764,0.1391442623438438,122.181,4.9999356799556445,MA_data/SVID/chunks/chunk_681.jpg,SVID
682,684.5,1.29090784263764,0.1391442623438438,122.181,4.9999356799556445,MA_data/SVID/chunks/chunk_682.jpg,SVID
683,685.5,1.29090784263764,0.1391442623438438,122.181,4.9999356799556445,MA_data/SVID/chunks/chunk_683.jpg,SVID
684,686.5,1.474261454106105,0.1391442623438438,127.21449999999999,4.96913683728005,MA_data/SVID/chunks/chunk_684.jpg,SVID
685,687.5,1.65761506557457,,132.248,4.938337994604455,MA_data/SVID/chunks/chunk_685.jpg,SVID
686,688.5,1.65761506557457,,132.248,4.938337994604455,MA_data/SVID/chunks/chunk_686.jpg,SVID
687,689.5,1.65761506557457,,132.248,4.938337994604455,MA_data/SVID/chunks/chunk_687.jpg,SVID
688,690.5,1.599296203366465,,133.391,4.862930417716871,MA_data/SVID/chunks/chunk_688.jpg,SVID
689,691.5,1.54097734115836,,134.534,4.787522840829288,MA_data/SVID/chunks/chunk_689.jpg,SVID
690,692.5,1.54097734115836,,134.534,4.787522840829288,MA_data/SVID/chunks/chunk_690.jpg,SVID
691,693.5,1.54097734115836,,134.534,4.787522840829288,MA_data/SVID/chunks/chunk_691.jpg,SVID
692,694.5,1.530922233960045,0.1285883538415969,127.304,4.725475790305854,MA_data/SVID/chunks/chunk_692.jpg,SVID
693,695.5,1.52086712676173,0.1285883538415969,120.074,4.663428739782419,MA_data/SVID/chunks/chunk_693.jpg,SVID
694,696.5,1.52086712676173,0.1285883538415969,120.074,4.663428739782419,MA_data/SVID/chunks/chunk_694.jpg,SVID
695,697.5,1.52086712676173,0.1285883538415969,120.074,4.663428739782419,MA_data/SVID/chunks/chunk_695.jpg,SVID
696,698.5,1.5659580406722449,0.1285883538415969,125.3425,4.631412788806957,MA_data/SVID/chunks/chunk_696.jpg,SVID
697,699.5,1.61104895458276,,130.611,4.5993968378314944,MA_data/SVID/chunks/chunk_697.jpg,SVID
698,700.5,1.61104895458276,,130.611,4.5993968378314944,MA_data/SVID/chunks/chunk_698.jpg,SVID
699,701.5,1.61104895458276,,130.611,4.5993968378314944,MA_data/SVID/chunks/chunk_699.jpg,SVID
700,702.5,1.50355167341879,0.1450080641613808,124.40549999999999,4.626720402521364,MA_data/SVID/chunks/chunk_700.jpg,SVID
701,703.5,1.39605439225482,0.1450080641613808,118.2,4.654043967211234,MA_data/SVID/chunks/chunk_701.jpg,SVID
702,704.5,1.39605439225482,0.1450080641613808,118.2,4.654043967211234,MA_data/SVID/chunks/chunk_702.jpg,SVID
703,705.5,1.39605439225482,0.1450080641613808,118.2,4.654043967211234,MA_data/SVID/chunks/chunk_703.jpg,SVID
704,706.5,1.201587960481375,0.1450080641613808,112.0755,4.676762256852028,MA_data/SVID/chunks/chunk_704.jpg,SVID
705,707.5,1.00712152870793,,105.951,4.699480546492822,MA_data/SVID/chunks/chunk_705.jpg,SVID
706,708.5,1.00712152870793,,105.951,4.699480546492822,MA_data/SVID/chunks/chunk_706.jpg,SVID
707,709.5,1.00712152870793,,105.951,4.699480546492822,MA_data/SVID/chunks/chunk_707.jpg,SVID
708,710.5,1.32734443961254,0.1298647264688664,115.5235,4.73183049594612,MA_data/SVID/chunks/chunk_708.jpg,SVID
709,711.5,1.64756735051715,0.1298647264688664,125.096,4.764180445399418,MA_data/SVID/chunks/chunk_709.jpg,SVID
710,712.5,1.64756735051715,0.1298647264688664,125.096,4.764180445399418,MA_data/SVID/chunks/chunk_710.jpg,SVID
711,713.5,1.64756735051715,0.1298647264688664,125.096,4.764180445399418,MA_data/SVID/chunks/chunk_711.jpg,SVID
712,714.5,1.712954532253445,0.1298647264688664,130.401,4.79428845792947,MA_data/SVID/chunks/chunk_712.jpg,SVID
713,715.5,1.77834171398974,,135.706,4.824396470459523,MA_data/SVID/chunks/chunk_713.jpg,SVID
714,716.5,1.77834171398974,,135.706,4.824396470459523,MA_data/SVID/chunks/chunk_714.jpg,SVID
715,717.5,1.77834171398974,,135.706,4.824396470459523,MA_data/SVID/chunks/chunk_715.jpg,SVID
716,718.5,1.730822968080295,,131.7405,4.8209750648358884,MA_data/SVID/chunks/chunk_716.jpg,SVID
717,719.5,1.68330422217085,,127.775,4.817553659212253,MA_data/SVID/chunks/chunk_717.jpg,SVID
718,720.5,1.68330422217085,,127.775,4.817553659212253,MA_data/SVID/chunks/chunk_718.jpg,SVID
719,721.5,1.68330422217085,,127.775,4.817553659212253,MA_data/SVID/chunks/chunk_719.jpg,SVID
720,722.5,1.745541679992195,0.1468458943742331,121.42500000000001,5.113805711100165,MA_data/SVID/chunks/chunk_720.jpg,SVID
721,723.5,1.80777913781354,0.1468458943742331,115.075,5.4100577629880755,MA_data/SVID/chunks/chunk_721.jpg,SVID
722,724.5,1.80777913781354,0.1468458943742331,115.075,5.4100577629880755,MA_data/SVID/chunks/chunk_722.jpg,SVID
723,725.5,1.80777913781354,0.1468458943742331,115.075,5.4100577629880755,MA_data/SVID/chunks/chunk_723.jpg,SVID
724,726.5,1.80777913781354,0.1468458943742331,115.075,5.4100577629880755,MA_data/SVID/chunks/chunk_724.jpg,SVID
725,727.5,,,,,MA_data/SVID/chunks/chunk_725.jpg,SVID
726,728.5,,,,,MA_data/SVID/chunks/chunk_726.jpg,SVID
727,729.5,,,,,MA_data/SVID/chunks/chunk_727.jpg,SVID
728,730.5,1.8278105930907,0.1351321146663974,123.603,6.285247816350156,MA_data/SVID/chunks/chunk_728.jpg,SVID
729,731.5,1.8278105930907,0.1351321146663974,123.603,6.285247816350156,MA_data/SVID/chunks/chunk_729.jpg,SVID
730,732.5,1.8278105930907,0.1351321146663974,123.603,6.285247816350156,MA_data/SVID/chunks/chunk_730.jpg,SVID
731,733.5,1.8278105930907,0.1351321146663974,123.603,6.285247816350156,MA_data/SVID/chunks/chunk_731.jpg,SVID
732,734.5,1.6095699739484801,0.1351321146663974,116.5235,5.910309590128359,MA_data/SVID/chunks/chunk_732.jpg,SVID
733,735.5,1.39132935480626,,109.444,5.535371363906562,MA_data/SVID/chunks/chunk_733.jpg,SVID
734,736.5,1.39132935480626,,109.444,5.535371363906562,MA_data/SVID/chunks/chunk_734.jpg,SVID
735,737.5,1.39132935480626,,109.444,5.535371363906562,MA_data/SVID/chunks/chunk_735.jpg,SVID
736,738.5,1.5028605333288598,0.1402714143078433,108.0035,5.60735229361638,MA_data/SVID/chunks/chunk_736.jpg,SVID
737,739.5,1.61439171185146,0.1402714143078433,106.563,5.679333223326198,MA_data/SVID/chunks/chunk_737.jpg,SVID
738,740.5,1.61439171185146,0.1402714143078433,106.563,5.679333223326198,MA_data/SVID/chunks/chunk_738.jpg,SVID
739,741.5,1.61439171185146,0.1402714143078433,106.563,5.679333223326198,MA_data/SVID/chunks/chunk_739.jpg,SVID
740,742.5,1.586156652258685,0.1402714143078433,113.588,5.578198248246251,MA_data/SVID/chunks/chunk_740.jpg,SVID
741,743.5,1.55792159266591,,120.613,5.477063273166304,MA_data/SVID/chunks/chunk_741.jpg,SVID
742,744.5,1.55792159266591,,120.613,5.477063273166304,MA_data/SVID/chunks/chunk_742.jpg,SVID
743,745.5,1.55792159266591,,120.613,5.477063273166304,MA_data/SVID/chunks/chunk_743.jpg,SVID
744,746.5,1.55792159266591,0.1537155433927547,120.613,5.477063273166304,MA_data/SVID/chunks/chunk_744.jpg,SVID
745,747.5,,0.1537155433927547,,,MA_data/SVID/chunks/chunk_745.jpg,SVID
746,748.5,,0.1537155433927547,,,MA_data/SVID/chunks/chunk_746.jpg,SVID
747,749.5,,0.1537155433927547,,,MA_data/SVID/chunks/chunk_747.jpg,SVID
748,750.5,1.32918745439828,0.1537155433927547,106.466,5.647039283454711,MA_data/SVID/chunks/chunk_748.jpg,SVID
749,751.5,1.32918745439828,,106.466,5.647039283454711,MA_data/SVID/chunks/chunk_749.jpg,SVID
750,752.5,1.32918745439828,,106.466,5.647039283454711,MA_data/SVID/chunks/chunk_750.jpg,SVID
751,753.5,1.32918745439828,,106.466,5.647039283454711,MA_data/SVID/chunks/chunk_751.jpg,SVID
752,754.5,1.40524684704012,0.1284429651754042,112.5205,5.492625173465327,MA_data/SVID/chunks/chunk_752.jpg,SVID
753,755.5,1.48130623968196,0.1284429651754042,118.575,5.338211063475943,MA_data/SVID/chunks/chunk_753.jpg,SVID
754,756.5,1.48130623968196,0.1284429651754042,118.575,5.338211063475943,MA_data/SVID/chunks/chunk_754.jpg,SVID
755,757.5,1.48130623968196,0.1284429651754042,118.575,5.338211063475943,MA_data/SVID/chunks/chunk_755.jpg,SVID
756,758.5,1.2985826488270051,0.1284429651754042,115.1345,5.176271907019999,MA_data/SVID/chunks/chunk_756.jpg,SVID
757,759.5,1.11585905797205,,111.694,5.014332750564056,MA_data/SVID/chunks/chunk_757.jpg,SVID
758,760.5,1.11585905797205,,111.694,5.014332750564056,MA_data/SVID/chunks/chunk_758.jpg,SVID
759,761.5,1.11585905797205,,111.694,5.014332750564056,MA_data/SVID/chunks/chunk_759.jpg,SVID
760,762.5,1.251647721727285,0.1329295727294789,114.8545,5.053842687048098,MA_data/SVID/chunks/chunk_760.jpg,SVID
761,763.5,1.38743638548252,0.1329295727294789,118.015,5.09335262353214,MA_data/SVID/chunks/chunk_761.jpg,SVID
762,764.5,1.38743638548252,0.1329295727294789,118.015,5.09335262353214,MA_data/SVID/chunks/chunk_762.jpg,SVID
763,765.5,1.38743638548252,0.1329295727294789,118.015,5.09335262353214,MA_data/SVID/chunks/chunk_763.jpg,SVID
764,766.5,1.4898713129983299,0.1329295727294789,118.7425,5.188793794801193,MA_data/SVID/chunks/chunk_764.jpg,SVID
765,767.5,1.59230624051414,,119.47,5.284234966070247,MA_data/SVID/chunks/chunk_765.jpg,SVID
766,768.5,1.59230624051414,,119.47,5.284234966070247,MA_data/SVID/chunks/chunk_766.jpg,SVID
767,769.5,1.59230624051414,,119.47,5.284234966070247,MA_data/SVID/chunks/chunk_767.jpg,SVID
768,770.5,1.4840857602816948,0.133164883717609,118.0575,5.19662151555328,MA_data/SVID/chunks/chunk_768.jpg,SVID
769,771.5,1.37586528004925,0.133164883717609,116.645,5.1090080650363126,MA_data/SVID/chunks/chunk_769.jpg,SVID
770,772.5,1.37586528004925,0.133164883717609,116.645,5.1090080650363126,MA_data/SVID/chunks/chunk_770.jpg,SVID
771,773.5,1.37586528004925,0.133164883717609,116.645,5.1090080650363126,MA_data/SVID/chunks/chunk_771.jpg,SVID
772,774.5,1.293026678301385,0.133164883717609,119.115,5.078779602271494,MA_data/SVID/chunks/chunk_772.jpg,SVID
773,775.5,1.21018807655352,,121.585,5.0485511395066744,MA_data/SVID/chunks/chunk_773.jpg,SVID
774,776.5,1.21018807655352,,121.585,5.0485511395066744,MA_data/SVID/chunks/chunk_774.jpg,SVID
775,777.5,1.21018807655352,,121.585,5.0485511395066744,MA_data/SVID/chunks/chunk_775.jpg,SVID
776,778.5,1.24217197626999,0.123796897775602,116.0315,5.070206043035107,MA_data/SVID/chunks/chunk_776.jpg,SVID
777,779.5,1.27415587598646,0.123796897775602,110.478,5.09186094656354,MA_data/SVID/chunks/chunk_777.jpg,SVID
778,780.5,1.27415587598646,0.123796897775602,110.478,5.09186094656354,MA_data/SVID/chunks/chunk_778.jpg,SVID
779,781.5,1.27415587598646,0.123796897775602,110.478,5.09186094656354,MA_data/SVID/chunks/chunk_779.jpg,SVID
780,782.5,1.2074915523162448,0.123796897775602,103.6815,5.068915635217415,MA_data/SVID/chunks/chunk_780.jpg,SVID
781,783.5,1.14082722864603,,96.885,5.04597032387129,MA_data/SVID/chunks/chunk_781.jpg,SVID
782,784.5,1.14082722864603,,96.885,5.04597032387129,MA_data/SVID/chunks/chunk_782.jpg,SVID
783,785.5,1.14082722864603,,96.885,5.04597032387129,MA_data/SVID/chunks/chunk_783.jpg,SVID
784,786.5,0.9969032975263794,0.1316945295229782,97.688,5.093447741756531,MA_data/SVID/chunks/chunk_784.jpg,SVID
785,787.5,0.852979366406729,0.1316945295229782,98.491,5.140925159641771,MA_data/SVID/chunks/chunk_785.jpg,SVID
786,788.5,0.852979366406729,0.1316945295229782,98.491,5.140925159641771,MA_data/SVID/chunks/chunk_786.jpg,SVID
787,789.5,0.852979366406729,0.1316945295229782,98.491,5.140925159641771,MA_data/SVID/chunks/chunk_787.jpg,SVID
788,790.5,1.0164335252385395,0.1316945295229782,106.08449999999999,5.141152867059365,MA_data/SVID/chunks/chunk_788.jpg,SVID
789,791.5,1.17988768407035,,113.678,5.141380574476959,MA_data/SVID/chunks/chunk_789.jpg,SVID
790,792.5,1.17988768407035,,113.678,5.141380574476959,MA_data/SVID/chunks/chunk_790.jpg,SVID
791,793.5,1.17988768407035,,113.678,5.141380574476959,MA_data/SVID/chunks/chunk_791.jpg,SVID
792,794.5,1.060377685541428,0.1394239632877962,109.02,4.935163131082934,MA_data/SVID/chunks/chunk_792.jpg,SVID
793,795.5,0.940867687012506,0.1394239632877962,104.362,4.728945687688909,MA_data/SVID/chunks/chunk_793.jpg,SVID
794,796.5,0.940867687012506,0.1394239632877962,104.362,4.728945687688909,MA_data/SVID/chunks/chunk_794.jpg,SVID
795,797.5,0.940867687012506,0.1394239632877962,104.362,4.728945687688909,MA_data/SVID/chunks/chunk_795.jpg,SVID
796,798.5,0.848707137172303,0.1394239632877962,99.125,4.732350027532187,MA_data/SVID/chunks/chunk_796.jpg,SVID
797,799.5,0.7565465873321,,93.888,4.735754367375463,MA_data/SVID/chunks/chunk_797.jpg,SVID
798,800.5,0.7565465873321,,93.888,4.735754367375463,MA_data/SVID/chunks/chunk_798.jpg,SVID
799,801.5,0.7565465873321,,93.888,4.735754367375463,MA_data/SVID/chunks/chunk_799.jpg,SVID
800,802.5,0.7114967018966101,0.1906996659406436,90.09800000000001,4.723276865259406,MA_data/SVID/chunks/chunk_800.jpg,SVID
801,803.5,0.66644681646112,0.1906996659406436,86.308,4.710799363143347,MA_data/SVID/chunks/chunk_801.jpg,SVID
802,804.5,0.66644681646112,0.1906996659406436,86.308,4.710799363143347,MA_data/SVID/chunks/chunk_802.jpg,SVID
803,805.5,0.66644681646112,0.1906996659406436,86.308,4.710799363143347,MA_data/SVID/chunks/chunk_803.jpg,SVID
804,806.5,0.717642099898102,0.1906996659406436,84.07050000000001,4.809757419568516,MA_data/SVID/chunks/chunk_804.jpg,SVID
805,807.5,0.768837383335084,,81.833,4.908715475993686,MA_data/SVID/chunks/chunk_805.jpg,SVID
806,808.5,0.768837383335084,,81.833,4.908715475993686,MA_data/SVID/chunks/chunk_806.jpg,SVID
807,809.5,0.768837383335084,,81.833,4.908715475993686,MA_data/SVID/chunks/chunk_807.jpg,SVID
808,810.5,0.5962095091249265,0.2055434567118118,69.12299999999999,4.831751085736105,MA_data/SVID/chunks/chunk_808.jpg,SVID
809,811.5,0.423581634914769,0.2055434567118118,56.413,4.754786695478525,MA_data/SVID/chunks/chunk_809.jpg,SVID
810,812.5,0.423581634914769,0.2055434567118118,56.413,4.754786695478525,MA_data/SVID/chunks/chunk_810.jpg,SVID
811,813.5,0.423581634914769,0.2055434567118118,56.413,4.754786695478525,MA_data/SVID/chunks/chunk_811.jpg,SVID
812,814.5,0.423581634914769,0.2055434567118118,56.413,4.754786695478525,MA_data/SVID/chunks/chunk_812.jpg,SVID
813,815.5,,,,,MA_data/SVID/chunks/chunk_813.jpg,SVID
814,816.5,,,,,MA_data/SVID/chunks/chunk_814.jpg,SVID
815,817.5,,,,,MA_data/SVID/chunks/chunk_815.jpg,SVID
816,818.5,0.180449407093916,0.178792125027596,33.834,3.961999291823017,MA_data/SVID/chunks/chunk_816.jpg,SVID
817,819.5,0.180449407093916,0.178792125027596,33.834,3.961999291823017,MA_data/SVID/chunks/chunk_817.jpg,SVID
818,820.5,0.1536728121979655,0.178792125027596,27.93,3.7591269664039286,MA_data/SVID/chunks/chunk_818.jpg,SVID
819,821.5,0.1536728121979655,0.178792125027596,27.93,3.7591269664039286,MA_data/SVID/chunks/chunk_819.jpg,SVID
820,822.5,0.1536728121979655,0.178792125027596,27.93,3.7591269664039286,MA_data/SVID/chunks/chunk_820.jpg,SVID
821,823.5,0.126896217302015,,22.026,3.556254640984841,MA_data/SVID/chunks/chunk_821.jpg,SVID
822,824.5,0.126896217302015,,22.026,3.556254640984841,MA_data/SVID/chunks/chunk_822.jpg,SVID
823,825.5,,,,,MA_data/SVID/chunks/chunk_823.jpg,SVID
824,826.5,,,,,MA_data/SVID/chunks/chunk_824.jpg,SVID
825,827.5,,,,,MA_data/SVID/chunks/chunk_825.jpg,SVID
826,828.5,,0.1818890555398027,,,MA_data/SVID/chunks/chunk_826.jpg,SVID
827,829.5,,0.1818890555398027,,,MA_data/SVID/chunks/chunk_827.jpg,SVID
828,830.5,,0.1818890555398027,,,MA_data/SVID/chunks/chunk_828.jpg,SVID
829,831.5,,0.1818890555398027,,,MA_data/SVID/chunks/chunk_829.jpg,SVID
830,832.5,,0.1818890555398027,,,MA_data/SVID/chunks/chunk_830.jpg,SVID
831,833.5,,,,,MA_data/SVID/chunks/chunk_831.jpg,SVID
832,834.5,,,,,MA_data/SVID/chunks/chunk_832.jpg,SVID
833,835.5,,,,,MA_data/SVID/chunks/chunk_833.jpg,SVID
834,836.5,,,,,MA_data/SVID/chunks/chunk_834.jpg,SVID
835,837.5,,,,,MA_data/SVID/chunks/chunk_835.jpg,SVID
836,838.5,,,,,MA_data/SVID/chunks/chunk_836.jpg,SVID
837,839.5,,,,,MA_data/SVID/chunks/chunk_837.jpg,SVID
838,840.5,,,,,MA_data/SVID/chunks/chunk_838.jpg,SVID
839,841.5,,,,,MA_data/SVID/chunks/chunk_839.jpg,SVID
840,842.5,,,,,MA_data/SVID/chunks/chunk_840.jpg,SVID
841,843.5,,,,,MA_data/SVID/chunks/chunk_841.jpg,SVID
842,844.5,,,,,MA_data/SVID/chunks/chunk_842.jpg,SVID
843,845.5,,,,,MA_data/SVID/chunks/chunk_843.jpg,SVID
844,846.5,,,,,MA_data/SVID/chunks/chunk_844.jpg,SVID
845,847.5,,,,,MA_data/SVID/chunks/chunk_845.jpg,SVID
846,848.5,,,,,MA_data/SVID/chunks/chunk_846.jpg,SVID
847,849.5,,,,,MA_data/SVID/chunks/chunk_847.jpg,SVID
848,850.5,,,,,MA_data/SVID/chunks/chunk_848.jpg,SVID
849,851.5,,,,,MA_data/SVID/chunks/chunk_849.jpg,SVID
850,852.5,,,,,MA_data/SVID/chunks/chunk_850.jpg,SVID
851,853.5,,,,,MA_data/SVID/chunks/chunk_851.jpg,SVID
852,854.5,,,,,MA_data/SVID/chunks/chunk_852.jpg,SVID
853,855.5,,,,,MA_data/SVID/chunks/chunk_853.jpg,SVID
854,856.5,,,,,MA_data/SVID/chunks/chunk_854.jpg,SVID
855,857.5,,,,,MA_data/SVID/chunks/chunk_855.jpg,SVID
856,858.5,,,,,MA_data/SVID/chunks/chunk_856.jpg,SVID
857,859.5,,,,,MA_data/SVID/chunks/chunk_857.jpg,SVID
858,860.5,,,,,MA_data/SVID/chunks/chunk_858.jpg,SVID
859,861.5,0.920759262273311,0.1484984608838561,83.979,6.403935695521125,MA_data/SVID/chunks/chunk_859.jpg,SVID
860,862.5,0.865068478515355,0.1484984608838561,84.1175,6.342714191255309,MA_data/SVID/chunks/chunk_860.jpg,SVID
861,863.5,0.8270468067022346,0.1512801393215104,85.383,6.251429978818385,MA_data/SVID/chunks/chunk_861.jpg,SVID
862,864.5,0.7938298787309798,0.1512801393215104,84.19925,6.24518944115626,MA_data/SVID/chunks/chunk_862.jpg,SVID
863,865.5,0.7042141828628574,0.15659631731455412,77.91260000000001,6.140560686910179,MA_data/SVID/chunks/chunk_863.jpg,SVID
864,866.5,0.6229348895931128,0.1606452455299031,75.61280000000001,6.032083379571878,MA_data/SVID/chunks/chunk_864.jpg,SVID
865,867.5,0.6107557667863068,0.1682980714176153,75.9894,6.0051029710764565,MA_data/SVID/chunks/chunk_865.jpg,SVID
866,868.5,0.5583818448937725,0.17541619824684057,72.1884,5.988634760971509,MA_data/SVID/chunks/chunk_866.jpg,SVID
867,869.5,0.5233842935866024,0.17541619824684057,71.1566,5.921006229947961,MA_data/SVID/chunks/chunk_867.jpg,SVID
868,870.5,0.5724744241072679,0.1937261704658563,75.5112,5.9153502842566725,MA_data/SVID/chunks/chunk_868.jpg,SVID
869,871.5,0.5413388800729699,0.1937261704658563,73.26480000000001,5.822395856397395,MA_data/SVID/chunks/chunk_869.jpg,SVID
870,872.5,0.5069145487047987,0.18990748201335556,70.2728,5.730005868256231,MA_data/SVID/chunks/chunk_870.jpg,SVID
871,873.5,0.4945961622784399,0.18990748201335556,69.8486,5.6286700718500144,MA_data/SVID/chunks/chunk_871.jpg,SVID
872,874.5,0.4890132955362258,0.17181323324942524,68.18960000000001,5.59808597560619,MA_data/SVID/chunks/chunk_872.jpg,SVID
873,875.5,0.48827515878780314,0.1557955410048014,71.5796,5.671181923473645,MA_data/SVID/chunks/chunk_873.jpg,SVID
874,876.5,0.5805257319813977,0.15105204120903157,75.4538,5.8295744475683735,MA_data/SVID/chunks/chunk_874.jpg,SVID
875,877.5,0.5898192199444529,0.1385948886695283,76.53420000000001,5.833016220127463,MA_data/SVID/chunks/chunk_875.jpg,SVID
876,878.5,0.6138484857118478,0.14254301566483404,77.704,5.878103151901167,MA_data/SVID/chunks/chunk_876.jpg,SVID
877,879.5,0.601646502025452,0.14600215563646868,76.557,5.761112738292484,MA_data/SVID/chunks/chunk_877.jpg,SVID
878,880.5,0.5185621994575762,0.1306628729057689,69.951,5.257162666825247,MA_data/SVID/chunks/chunk_878.jpg,SVID
879,881.5,0.37270882521988496,0.1252117885499074,61.41760000000001,4.608906027144843,MA_data/SVID/chunks/chunk_879.jpg,SVID
880,882.5,0.27068958405243376,0.11475145571052707,54.714,4.092633084609722,MA_data/SVID/chunks/chunk_880.jpg,SVID
881,883.5,0.1782948433565502,0.09690754873806785,47.2056,3.529545321650867,MA_data/SVID/chunks/chunk_881.jpg,SVID
882,884.5,0.11009870412460021,0.09934853430314229,41.658,3.0609325964212735,MA_data/SVID/chunks/chunk_882.jpg,SVID
883,885.5,0.0820587877455696,0.0990306477325288,35.3154,2.814500381960709,MA_data/SVID/chunks/chunk_883.jpg,SVID
884,886.5,0.08096670835980416,0.10504673079847031,34.0578,2.7636219128505735,MA_data/SVID/chunks/chunk_884.jpg,SVID
885,887.5,0.07647293516762318,0.11065470118182225,32.423,2.675542770660626,MA_data/SVID/chunks/chunk_885.jpg,SVID
886,888.5,0.0793142033779997,0.11065470118182225,33.02140000000001,2.619824600918818,MA_data/SVID/chunks/chunk_886.jpg,SVID
887,889.5,0.0741550431946043,0.08576602592777995,31.918600000000005,2.586925969863965,MA_data/SVID/chunks/chunk_887.jpg,SVID
888,890.5,0.08025858376026763,0.08576602592777995,32.4486,2.664410040883396,MA_data/SVID/chunks/chunk_888.jpg,SVID
889,891.5,0.07266185722363662,0.06925610939983175,31.8616,2.5660729493299064,MA_data/SVID/chunks/chunk_889.jpg,SVID
890,892.5,0.06022968591577201,0.06925610939983175,31.9908,2.3697779583734286,MA_data/SVID/chunks/chunk_890.jpg,SVID
891,893.5,0.043897985347347616,0.08846630565315616,32.9296,2.1595776123073933,MA_data/SVID/chunks/chunk_891.jpg,SVID
892,894.5,0.04173387685887526,0.10547288101713095,34.2296,2.0455250275313963,MA_data/SVID/chunks/chunk_892.jpg,SVID
893,895.5,0.0343947976393844,0.1063747842150467,33.727599999999995,1.9817251146330037,MA_data/SVID/chunks/chunk_893.jpg,SVID
894,896.5,0.03512165344521216,0.1175326443853416,41.117399999999996,1.911002455693526,MA_data/SVID/chunks/chunk_894.jpg,SVID
895,897.5,0.03633371688421104,0.14637032691526417,47.1474,1.8315502337699907,MA_data/SVID/chunks/chunk_895.jpg,SVID
896,898.5,0.04030375777809308,0.15611214129299375,49.1486,1.8412024794841428,MA_data/SVID/chunks/chunk_896.jpg,SVID
897,899.5,0.07015055213926864,0.15723408379199735,52.2438,2.6854521528299835,MA_data/SVID/chunks/chunk_897.jpg,SVID
898,900.5,0.0812600451121077,0.18176183038255694,58.58325,2.7628764305942597,MA_data/SVID/chunks/chunk_898.jpg,SVID
899,901.5,0.09139295349955323,0.18176183038255694,56.218333333333334,3.067913459595904,MA_data/SVID/chunks/chunk_899.jpg,SVID
900,902.5,0.12000830397168055,0.1594779687900046,51.485,3.951193650105548,MA_data/SVID/chunks/chunk_900.jpg,SVID
901,903.5,0.201904018425104,0.1594779687900046,50.183,6.2938812852165995,MA_data/SVID/chunks/chunk_901.jpg,SVID
902,904.5,,,,,MA_data/SVID/chunks/chunk_902.jpg,SVID
903,905.5,,,,,MA_data/SVID/chunks/chunk_903.jpg,SVID
904,906.5,,,,,MA_data/SVID/chunks/chunk_904.jpg,SVID
905,907.5,,,,,MA_data/SVID/chunks/chunk_905.jpg,SVID
906,908.5,,,,,MA_data/SVID/chunks/chunk_906.jpg,SVID
907,909.5,,,,,MA_data/SVID/chunks/chunk_907.jpg,SVID
908,910.5,,,,,MA_data/SVID/chunks/chunk_908.jpg,SVID
909,911.5,,,,,MA_data/SVID/chunks/chunk_909.jpg,SVID
910,912.5,,,,,MA_data/SVID/chunks/chunk_910.jpg,SVID
911,913.5,,,,,MA_data/SVID/chunks/chunk_911.jpg,SVID
912,914.5,,,,,MA_data/SVID/chunks/chunk_912.jpg,SVID
913,915.5,,,,,MA_data/SVID/chunks/chunk_913.jpg,SVID
914,916.5,,,,,MA_data/SVID/chunks/chunk_914.jpg,SVID
915,917.5,,,,,MA_data/SVID/chunks/chunk_915.jpg,SVID
